id_orden,fecha,pais,producto,canal,unidades,precio_unitario,ingresos
LAT-00904,2024-01-01,Colombia,Teclado,Tienda,13,570.95,7422.35
LAT-00828,2024-01-01,Colombia,Audífonos,Tienda,12,430.7,5168.4
LAT-00283,2024-01-02,Chile,Tableta,En línea,3,291.77,875.31
LAT-00563,2024-01-02,México,Audífonos,Tienda,7,351.19,2458.33
LAT-00312,2024-01-02,Colombia,Monitor,En línea,10,494.75,4947.5
LAT-00928,2024-01-02,Argentina,Monitor,En línea,10,341.62,3416.2
LAT-00211,2024-01-03,México,Tableta,Tienda,2,552.24,1104.48
LAT-00503,2024-01-03,México,Monitor,Tienda,5,57.87,289.35
LAT-00416,2024-01-04,México,Teléfono,Distribuidor,7,223.88,1567.16
LAT-00943,2024-01-05,Chile,Monitor,Tienda,5,358.52,1792.6
LAT-00374,2024-01-05,Argentina,Monitor,En línea,14,766.56,10731.84
LAT-00173,2024-01-06,México,Tableta,Tienda,10,613.7,6137.0
LAT-00060,2024-01-06,Argentina,Teclado,Tienda,8,463.43,3707.44
LAT-00717,2024-01-07,Argentina,Audífonos,En línea,11,282.88,3111.68
LAT-00196,2024-01-07,Colombia,Monitor,Tienda,2,350.87,701.74
LAT-00266,2024-01-07,Perú,Teclado,Tienda,1,444.59,444.59
LAT-00750,2024-01-07,Chile,Monitor,En línea,13,386.83,5028.79
LAT-00299,2024-01-09,Chile,Monitor,En línea,10,553.52,5535.2
LAT-00964,2024-01-09,México,Audífonos,Tienda,3,528.18,1584.54
LAT-00561,2024-01-10,Colombia,Laptop,Tienda,13,331.94,4315.22
LAT-00961,2024-01-10,México,Teléfono,En línea,1,441.84,441.84
LAT-00814,2024-01-11,Perú,Audífonos,Tienda,10,518.79,5187.9
LAT-00605,2024-01-12,México,Teclado,Distribuidor,8,633.03,5064.24
LAT-00475,2024-01-12,Colombia,Audífonos,Distribuidor,9,306.3,2756.7
LAT-00412,2024-01-12,Argentina,Laptop,En línea,12,580.07,6960.84
LAT-00354,2024-01-13,Argentina,Monitor,En línea,7,588.39,4118.73
LAT-00177,2024-01-13,Argentina,Tableta,Tienda,13,700.61,9107.93
LAT-00965,2024-01-13,Chile,Audífonos,En línea,11,333.79,3671.69
LAT-00400,2024-01-14,México,Laptop,Distribuidor,13,210.06,2730.78
LAT-00871,2024-01-14,Argentina,Monitor,En línea,8,569.68,4557.44
LAT-00094,2024-01-14,México,Laptop,En línea,11,511.3,5624.3
LAT-00358,2024-01-14,Perú,Teclado,Tienda,5,217.75,1088.75
LAT-00764,2024-01-14,Colombia,Audífonos,En línea,9,467.31,4205.79
LAT-00236,2024-01-15,Colombia,Teclado,Distribuidor,6,667.36,4004.16
LAT-00206,2024-01-15,México,Tableta,En línea,4,334.07,1336.28
LAT-00905,2024-01-15,Colombia,Teclado,Tienda,8,292.76,2342.08
LAT-00939,2024-01-15,Colombia,Teléfono,En línea,3,648.19,1944.57
LAT-00263,2024-01-16,Argentina,Monitor,Tienda,10,755.07,7550.7
LAT-00868,2024-01-16,Argentina,Tableta,En línea,9,744.32,6698.88
LAT-00248,2024-01-17,Colombia,Teléfono,En línea,12,186.33,2235.96
LAT-00410,2024-01-17,Perú,Laptop,En línea,3,337.5,1012.5
LAT-00221,2024-01-17,Argentina,Monitor,En línea,12,979.16,11749.92
LAT-00108,2024-01-17,Chile,Audífonos,Tienda,13,317.46,4126.98
LAT-00601,2024-01-18,Colombia,Teléfono,En línea,10,375.47,3754.7
LAT-00800,2024-01-18,Colombia,Teclado,Tienda,5,199.37,996.85
LAT-00155,2024-01-18,Argentina,Teclado,En línea,10,694.59,6945.9
LAT-00464,2024-01-18,Argentina,Tableta,Tienda,5,589.34,2946.7
LAT-00549,2024-01-18,México,Tableta,Distribuidor,14,374.88,5248.32
LAT-00805,2024-01-18,México,Teléfono,Tienda,7,447.43,3132.01
LAT-00427,2024-01-18,México,Tableta,Tienda,12,239.6,2875.2
LAT-00396,2024-01-19,México,Audífonos,En línea,5,277.24,1386.2
LAT-00566,2024-01-19,México,Laptop,En línea,6,366.32,2197.92
LAT-00440,2024-01-20,Colombia,Laptop,En línea,4,651.64,2606.56
LAT-00663,2024-01-20,Argentina,Tableta,En línea,3,475.4,1426.2
LAT-00588,2024-01-20,México,Monitor,En línea,6,228.78,1372.68
LAT-00774,2024-01-20,México,Laptop,Distribuidor,1,538.28,538.28
LAT-00241,2024-01-21,Argentina,Laptop,Tienda,3,919.1,2757.3
LAT-00272,2024-01-22,México,Tableta,Tienda,2,87.69,175.38
LAT-00380,2024-01-22,Colombia,Teclado,En línea,12,421.67,5060.04
LAT-00568,2024-01-22,Colombia,Monitor,En línea,11,459.34,5052.74
LAT-00512,2024-01-23,Colombia,Laptop,En línea,5,360.65,1803.25
LAT-00862,2024-01-23,Perú,Teléfono,En línea,2,652.67,1305.34
LAT-00408,2024-01-23,Colombia,Teléfono,Tienda,7,490.95,3436.65
LAT-00421,2024-01-24,Argentina,Tableta,Tienda,4,381.75,1527.0
LAT-00078,2024-01-24,México,Teclado,Tienda,6,376.42,2258.52
LAT-00067,2024-01-24,Argentina,Audífonos,En línea,6,709.23,4255.38
LAT-00269,2024-01-24,Colombia,Laptop,En línea,1,600.37,600.37
LAT-00863,2024-01-24,Chile,Laptop,En línea,5,263.22,1316.1
LAT-00355,2024-01-25,Colombia,Laptop,En línea,6,422.53,2535.18
LAT-00908,2024-01-25,Chile,Audífonos,En línea,8,294.16,2353.28
LAT-00816,2024-01-25,México,Monitor,En línea,14,652.2,9130.8
LAT-00883,2024-01-25,Chile,Laptop,Tienda,14,211.71,2963.94
LAT-00991,2024-01-25,Colombia,Tableta,En línea,7,278.8,1951.6
LAT-00493,2024-01-25,Argentina,Tableta,Distribuidor,11,813.3,8946.3
LAT-00940,2024-01-26,México,Tableta,En línea,10,200.84,2008.4
LAT-00100,2024-01-26,México,Monitor,En línea,12,480.34,5764.08
LAT-00052,2024-01-26,Colombia,Teclado,En línea,12,437.65,5251.8
LAT-00599,2024-01-27,Argentina,Tableta,Tienda,5,861.33,4306.65
LAT-00145,2024-01-27,Argentina,Monitor,Distribuidor,10,768.25,7682.5
LAT-00420,2024-01-27,Chile,Teclado,Distribuidor,4,280.91,1123.64
LAT-00422,2024-01-27,México,Laptop,Tienda,12,322.01,3864.12
LAT-00651,2024-01-27,México,Laptop,Tienda,12,475.55,5706.6
LAT-00515,2024-01-28,México,Laptop,En línea,2,345.95,691.9
LAT-00130,2024-01-28,Argentina,Teléfono,En línea,4,797.06,3188.24
LAT-00062,2024-01-28,Colombia,Monitor,Tienda,4,288.37,1153.48
LAT-00187,2024-01-28,Colombia,Teclado,En línea,7,264.72,1853.04
LAT-00944,2024-01-28,Chile,Teléfono,En línea,2,581.96,1163.92
LAT-00770,2024-01-29,México,Audífonos,En línea,11,229.22,2521.42
LAT-00106,2024-01-29,México,Tableta,Tienda,7,374.09,2618.63
LAT-00438,2024-01-29,México,Audífonos,En línea,11,204.62,2250.82
LAT-00932,2024-01-29,México,Tableta,En línea,8,526.37,4210.96
LAT-00253,2024-01-30,Perú,Tableta,Distribuidor,3,356.24,1068.72
LAT-00519,2024-01-30,Chile,Monitor,Tienda,13,289.12,3758.56
LAT-00564,2024-01-30,Argentina,Teléfono,Distribuidor,13,618.66,8042.58
LAT-00528,2024-01-31,Chile,Laptop,En línea,2,410.45,820.9
LAT-00054,2024-01-31,México,Tableta,En línea,3,461.06,1383.18
LAT-00771,2024-01-31,Argentina,Monitor,Tienda,3,800.11,2400.33
LAT-00914,2024-01-31,Colombia,Audífonos,Tienda,8,621.79,4974.32
LAT-00628,2024-02-01,Argentina,Audífonos,Distribuidor,11,909.48,10004.28
LAT-00683,2024-02-01,México,Monitor,En línea,7,229.06,1603.42
LAT-00152,2024-02-02,Perú,Teclado,En línea,7,416.03,2912.21
LAT-00748,2024-02-02,México,Monitor,Tienda,5,377.62,1888.1
LAT-00244,2024-02-02,Chile,Audífonos,Tienda,4,433.4,1733.6
LAT-00087,2024-02-02,México,Teléfono,En línea,13,202.55,2633.15
LAT-00959,2024-02-02,Colombia,Teléfono,Tienda,3,409.9,1229.7
LAT-00217,2024-02-03,México,Monitor,Tienda,10,602.6,6026.0
LAT-00324,2024-02-04,México,Teclado,Tienda,7,666.7,4666.9
LAT-00813,2024-02-04,Argentina,Laptop,Tienda,1,388.74,388.74
LAT-00296,2024-02-04,Argentina,Audífonos,Distribuidor,6,473.46,2840.76
LAT-00352,2024-02-05,México,Teléfono,Tienda,8,508.37,4066.96
LAT-00541,2024-02-05,Chile,Tableta,En línea,4,408.47,1633.88
LAT-00578,2024-02-05,México,Monitor,Tienda,4,140.04,560.16
LAT-00631,2024-02-06,Colombia,Laptop,En línea,3,517.7,1553.1
LAT-00449,2024-02-06,México,Teléfono,Tienda,4,405.73,1622.92
LAT-00747,2024-02-06,Colombia,Laptop,Tienda,11,89.64,986.04
LAT-00479,2024-02-06,Argentina,Audífonos,En línea,11,408.59,4494.49
LAT-00364,2024-02-07,México,Tableta,En línea,6,362.72,2176.32
LAT-00250,2024-02-07,México,Laptop,Distribuidor,5,685.02,3425.1
LAT-00019,2024-02-07,Chile,Teclado,En línea,10,352.75,3527.5
LAT-00286,2024-02-07,México,Monitor,Tienda,7,297.03,2079.21
LAT-00796,2024-02-08,Colombia,Teléfono,En línea,7,609.82,4268.74
LAT-00548,2024-02-08,México,Teclado,En línea,12,302.62,3631.44
LAT-00483,2024-02-09,Argentina,Monitor,En línea,8,772.59,6180.72
LAT-00068,2024-02-10,Colombia,Audífonos,En línea,7,411.74,2882.18
LAT-00768,2024-02-10,Colombia,Tableta,Distribuidor,4,491.05,1964.2
LAT-00859,2024-02-10,Perú,Teléfono,En línea,6,709.26,4255.56
LAT-00014,2024-02-11,México,Teléfono,Tienda,3,522.24,1566.72
LAT-00948,2024-02-12,Chile,Teléfono,Tienda,8,407.52,3260.16
LAT-00674,2024-02-12,Perú,Audífonos,En línea,4,405.36,1621.44
LAT-00015,2024-02-12,Perú,Monitor,Tienda,7,252.03,1764.21
LAT-00127,2024-02-12,México,Tableta,En línea,7,526.51,3685.57
LAT-00729,2024-02-13,México,Teclado,Tienda,12,222.25,2667.0
LAT-00403,2024-02-13,Chile,Audífonos,Tienda,11,730.96,8040.56
LAT-00569,2024-02-13,México,Monitor,En línea,10,408.48,4084.8
LAT-00302,2024-02-13,Colombia,Tableta,Tienda,10,206.34,2063.4
LAT-00825,2024-02-15,Chile,Tableta,Distribuidor,14,196.09,2745.26
LAT-00576,2024-02-15,México,Tableta,Tienda,7,580.64,4064.48
LAT-00626,2024-02-15,Perú,Audífonos,Distribuidor,9,713.1,6417.9
LAT-00776,2024-02-15,Colombia,Monitor,Tienda,1,54.39,54.39
LAT-00259,2024-02-16,México,Teclado,Tienda,4,270.35,1081.4
LAT-00934,2024-02-16,México,Audífonos,Tienda,1,409.68,409.68
LAT-00466,2024-02-16,Argentina,Laptop,En línea,7,814.65,5702.55
LAT-00589,2024-02-17,México,Monitor,Tienda,12,254.86,3058.32
LAT-00146,2024-02-17,Perú,Teléfono,Tienda,4,117.81,471.24
LAT-00998,2024-02-17,Colombia,Monitor,En línea,3,587.11,1761.33
LAT-00874,2024-02-18,Colombia,Monitor,Distribuidor,14,457.53,6405.42
LAT-00313,2024-02-18,Colombia,Laptop,En línea,7,296.49,2075.43
LAT-00238,2024-02-19,México,Audífonos,En línea,7,842.31,5896.17
LAT-00045,2024-02-20,Argentina,Laptop,En línea,7,524.37,3670.59
LAT-00119,2024-02-20,Argentina,Audífonos,En línea,3,1001.93,3005.79
LAT-00246,2024-02-22,Colombia,Teléfono,En línea,13,464.52,6038.76
LAT-00903,2024-02-22,Colombia,Teclado,En línea,11,280.83,3089.13
LAT-00783,2024-02-23,México,Laptop,En línea,8,112.76,902.08
LAT-00261,2024-02-23,México,Teléfono,Tienda,7,546.63,3826.41
LAT-00788,2024-02-23,Colombia,Teclado,En línea,12,373.77,4485.24
LAT-00779,2024-02-23,Perú,Laptop,Tienda,9,55.2,496.8
LAT-00532,2024-02-23,México,Monitor,Distribuidor,1,427.86,427.86
LAT-00473,2024-02-24,México,Tableta,En línea,1,413.89,413.89
LAT-00361,2024-02-24,Argentina,Teléfono,En línea,8,389.47,3115.76
LAT-00754,2024-02-25,Colombia,Audífonos,Tienda,11,500.25,5502.75
LAT-00942,2024-02-25,Perú,Teléfono,En línea,1,407.95,407.95
LAT-00174,2024-02-26,Argentina,Laptop,En línea,11,952.01,10472.11
LAT-00095,2024-02-26,Perú,Teléfono,Tienda,13,426.86,5549.18
LAT-00240,2024-02-27,Chile,Monitor,Tienda,11,278.56,3064.16
LAT-00194,2024-02-27,Colombia,Laptop,En línea,14,375.88,5262.32
LAT-00575,2024-02-27,México,Laptop,En línea,8,154.55,1236.4
LAT-00453,2024-02-27,Chile,Tableta,Tienda,12,371.54,4458.48
LAT-00897,2024-02-27,Perú,Audífonos,En línea,4,576.72,2306.88
LAT-00510,2024-02-27,México,Teclado,En línea,11,648.73,7136.03
LAT-00630,2024-02-28,México,Teclado,Distribuidor,9,399.95,3599.55
LAT-00022,2024-02-29,Chile,Audífonos,Distribuidor,10,543.68,5436.8
LAT-00740,2024-02-29,Chile,Laptop,En línea,1,485.66,485.66
LAT-00491,2024-02-29,Argentina,Laptop,Tienda,3,550.87,1652.61
LAT-00736,2024-02-29,México,Monitor,Distribuidor,5,514.14,2570.7
LAT-00341,2024-02-29,México,Tableta,En línea,9,282.68,2544.12
LAT-00995,2024-03-01,Colombia,Monitor,Distribuidor,7,551.66,3861.62
LAT-00288,2024-03-01,México,Audífonos,Tienda,6,538.28,3229.68
LAT-00752,2024-03-01,México,Audífonos,En línea,3,518.74,1556.22
LAT-00168,2024-03-02,Colombia,Monitor,Tienda,13,517.94,6733.22
LAT-00699,2024-03-02,México,Teléfono,Distribuidor,4,124.55,498.2
LAT-00056,2024-03-02,Colombia,Tableta,En línea,3,599.38,1798.14
LAT-00701,2024-03-03,México,Monitor,Tienda,10,289.28,2892.8
LAT-00854,2024-03-03,México,Tableta,Tienda,5,385.12,1925.6
LAT-00864,2024-03-03,Colombia,Audífonos,En línea,1,562.82,562.82
LAT-00160,2024-03-04,Perú,Audífonos,Distribuidor,6,273.08,1638.48
LAT-00375,2024-03-04,México,Teléfono,Tienda,2,376.05,752.1
LAT-00712,2024-03-05,Chile,Laptop,En línea,8,452.33,3618.64
LAT-00852,2024-03-05,Chile,Teclado,Tienda,14,566.09,7925.26
LAT-00350,2024-03-05,Colombia,Tableta,Tienda,13,477.89,6212.57
LAT-00947,2024-03-05,Argentina,Teléfono,Distribuidor,2,614.13,1228.26
LAT-00968,2024-03-06,México,Teclado,Tienda,3,306.27,918.81
LAT-00220,2024-03-06,Perú,Laptop,En línea,14,487.56,6825.84
LAT-00091,2024-03-07,Argentina,Monitor,En línea,7,658.64,4610.48
LAT-00931,2024-03-07,México,Audífonos,En línea,4,426.3,1705.2
LAT-00162,2024-03-08,México,Laptop,Tienda,8,197.71,1581.68
LAT-00245,2024-03-08,México,Laptop,Distribuidor,11,559.22,6151.42
LAT-00633,2024-03-08,Argentina,Audífonos,Tienda,2,648.23,1296.46
LAT-00603,2024-03-10,México,Audífonos,Tienda,13,372.75,4845.75
LAT-00609,2024-03-10,México,Teléfono,En línea,2,737.87,1475.74
LAT-00271,2024-03-11,Argentina,Laptop,En línea,7,798.39,5588.73
LAT-00994,2024-03-11,Colombia,Teléfono,En línea,3,410.46,1231.38
LAT-00036,2024-03-12,Argentina,Audífonos,Distribuidor,6,616.24,3697.44
LAT-00606,2024-03-12,Argentina,Tableta,En línea,7,653.76,4576.32
LAT-00048,2024-03-12,Perú,Monitor,Tienda,8,454.88,3639.04
LAT-00652,2024-03-12,Argentina,Tableta,En línea,2,494.14,988.28
LAT-00033,2024-03-12,México,Monitor,En línea,2,258.24,516.48
LAT-00445,2024-03-12,Colombia,Audífonos,En línea,2,501.99,1003.98
LAT-00898,2024-03-12,Argentina,Teléfono,En línea,12,818.58,9822.96
LAT-00594,2024-03-13,Colombia,Laptop,En línea,11,560.96,6170.56
LAT-00878,2024-03-13,México,Monitor,Tienda,6,472.51,2835.06
LAT-00615,2024-03-13,Argentina,Teclado,Tienda,9,401.62,3614.58
LAT-00379,2024-03-14,Argentina,Audífonos,En línea,8,258.34,2066.72
LAT-00743,2024-03-14,Argentina,Tableta,En línea,3,385.03,1155.09
LAT-00298,2024-03-14,Perú,Audífonos,En línea,8,419.69,3357.52
LAT-00946,2024-03-15,Argentina,Audífonos,Tienda,4,638.31,2553.24
LAT-00667,2024-03-15,Perú,Teclado,Tienda,3,622.09,1866.27
LAT-00806,2024-03-16,Chile,Laptop,En línea,6,402.53,2415.18
LAT-00376,2024-03-16,México,Monitor,En línea,13,286.16,3720.08
LAT-00539,2024-03-17,México,Tableta,Tienda,14,305.8,4281.2
LAT-00150,2024-03-17,Argentina,Tableta,En línea,1,695.91,695.91
LAT-00191,2024-03-18,Colombia,Monitor,Distribuidor,3,294.8,884.4
LAT-00983,2024-03-18,Argentina,Teclado,En línea,14,738.92,10344.88
LAT-00203,2024-03-18,Colombia,Audífonos,En línea,14,519.88,7278.32
LAT-00975,2024-03-19,Argentina,Tableta,Tienda,14,512.18,7170.52
LAT-00461,2024-03-19,México,Tableta,Tienda,5,102.34,511.7
LAT-00252,2024-03-20,Perú,Teclado,Distribuidor,1,640.39,640.39
LAT-00835,2024-03-21,Argentina,Audífonos,En línea,2,696.46,1392.92
LAT-00340,2024-03-21,México,Laptop,Distribuidor,11,391.4,4305.4
LAT-00007,2024-03-21,Colombia,Teléfono,Tienda,1,298.85,298.85
LAT-00960,2024-03-21,Colombia,Teléfono,En línea,6,495.58,2973.48
LAT-00618,2024-03-21,México,Laptop,Tienda,14,632.52,8855.28
LAT-00755,2024-03-22,Perú,Laptop,Tienda,14,568.36,7957.04
LAT-00571,2024-03-22,Chile,Laptop,Distribuidor,1,98.94,98.94
LAT-00082,2024-03-22,Colombia,Audífonos,Tienda,6,527.49,3164.94
LAT-00671,2024-03-22,México,Audífonos,Tienda,14,413.76,5792.64
LAT-00256,2024-03-22,Chile,Teléfono,Tienda,2,352.43,704.86
LAT-00346,2024-03-22,Colombia,Teléfono,En línea,9,494.89,4454.01
LAT-00967,2024-03-23,Argentina,Teclado,Tienda,4,639.13,2556.52
LAT-00294,2024-03-24,Perú,Monitor,Distribuidor,13,614.13,7983.69
LAT-00247,2024-03-24,México,Laptop,En línea,7,544.24,3809.68
LAT-00669,2024-03-25,México,Monitor,Tienda,2,230.04,460.08
LAT-00113,2024-03-25,Chile,Monitor,En línea,14,524.21,7338.94
LAT-00526,2024-03-25,Argentina,Laptop,En línea,12,609.29,7311.48
LAT-00189,2024-03-25,México,Monitor,Distribuidor,9,448.37,4035.33
LAT-00815,2024-03-25,México,Laptop,Tienda,2,120.23,240.46
LAT-00958,2024-03-25,Colombia,Teclado,En línea,11,394.96,4344.56
LAT-00213,2024-03-26,México,Teléfono,Tienda,14,433.47,6068.58
LAT-00122,2024-03-26,Colombia,Teléfono,Tienda,5,543.5,2717.5
LAT-00879,2024-03-26,México,Tableta,Tienda,5,488.32,2441.6
LAT-00791,2024-03-27,México,Audífonos,Distribuidor,7,411.89,2883.23
LAT-00234,2024-03-28,Colombia,Teclado,En línea,13,319.03,4147.39
LAT-00228,2024-03-28,Chile,Teclado,En línea,1,475.4,475.4
LAT-00733,2024-03-29,Colombia,Teclado,En línea,12,192.61,2311.32
LAT-00844,2024-03-29,Colombia,Teléfono,En línea,5,298.47,1492.35
LAT-00753,2024-03-29,Colombia,Tableta,En línea,1,273.93,273.93
LAT-00323,2024-03-30,México,Tableta,Tienda,4,209.58,838.32
LAT-00920,2024-03-30,Argentina,Laptop,En línea,1,603.74,51319.81
LAT-00126,2024-03-30,Argentina,Monitor,En línea,3,696.22,2088.66
LAT-00348,2024-03-31,Colombia,Monitor,Tienda,13,466.95,6070.35
LAT-00562,2024-04-01,Colombia,Audífonos,Tienda,12,551.77,6621.24
LAT-00591,2024-04-01,México,Teléfono,En línea,2,388.0,776.0
LAT-00819,2024-04-02,Argentina,Teclado,Tienda,13,626.03,8138.39
LAT-00285,2024-04-02,Argentina,Laptop,Tienda,8,563.98,4511.84
LAT-00212,2024-04-02,México,Teléfono,Distribuidor,14,631.11,8835.54
LAT-00139,2024-04-03,Colombia,Monitor,En línea,10,634.69,6346.9
LAT-00329,2024-04-03,Argentina,Laptop,En línea,4,499.16,1996.64
LAT-00585,2024-04-03,Colombia,Teclado,Distribuidor,7,297.37,2081.59
LAT-00542,2024-04-03,Colombia,Audífonos,Distribuidor,10,338.09,3380.9
LAT-00881,2024-04-04,México,Teléfono,En línea,1,392.18,392.18
LAT-00433,2024-04-04,Argentina,Monitor,En línea,13,472.3,6139.9
LAT-00043,2024-04-04,Colombia,Teléfono,Tienda,14,324.7,4545.8
LAT-00890,2024-04-05,Argentina,Laptop,En línea,1,565.07,565.07
LAT-00653,2024-04-06,Perú,Monitor,Tienda,10,366.91,3669.1
LAT-00954,2024-04-06,México,Tableta,Distribuidor,7,143.07,1001.49
LAT-00892,2024-04-06,Perú,Tableta,Distribuidor,10,475.51,4755.1
LAT-00362,2024-04-07,México,Teléfono,Tienda,14,404.31,5660.34
LAT-00492,2024-04-07,México,Monitor,Distribuidor,11,506.09,5566.99
LAT-00055,2024-04-07,Argentina,Monitor,Distribuidor,9,994.97,8954.73
LAT-00758,2024-04-07,Argentina,Audífonos,En línea,7,669.06,4683.42
LAT-00641,2024-04-09,México,Tableta,En línea,11,589.39,6483.29
LAT-00909,2024-04-10,Chile,Teclado,En línea,7,518.31,3628.17
LAT-00223,2024-04-10,Argentina,Audífonos,Tienda,3,680.99,2042.97
LAT-00132,2024-04-10,Argentina,Teléfono,Tienda,7,507.15,3550.05
LAT-00267,2024-04-11,Argentina,Audífonos,En línea,9,944.98,8504.82
LAT-00040,2024-04-11,México,Audífonos,En línea,14,412.11,5769.54
LAT-00822,2024-04-11,México,Audífonos,Tienda,11,382.93,4212.23
LAT-00555,2024-04-12,Chile,Audífonos,Tienda,7,642.54,4497.78
LAT-00005,2024-04-12,Argentina,Monitor,En línea,7,276.77,1937.39
LAT-00709,2024-04-12,Argentina,Tableta,En línea,13,836.17,10870.21
LAT-00877,2024-04-13,Colombia,Teléfono,Tienda,5,803.06,4015.3
LAT-00367,2024-04-13,Chile,Tableta,Tienda,9,474.77,4272.93
LAT-00344,2024-04-13,Argentina,Teléfono,En línea,8,868.03,6944.24
LAT-00598,2024-04-13,México,Tableta,En línea,7,311.29,2179.03
LAT-00885,2024-04-13,México,Teclado,En línea,6,544.91,3269.46
LAT-00677,2024-04-14,México,Teléfono,En línea,7,41.81,292.67
LAT-00839,2024-04-14,Colombia,Tableta,En línea,10,361.23,3612.3
LAT-00643,2024-04-14,Chile,Tableta,Distribuidor,13,579.2,7529.6
LAT-00763,2024-04-15,México,Teclado,En línea,4,289.93,1159.72
LAT-00171,2024-04-15,Colombia,Laptop,Tienda,14,450.16,6302.24
LAT-00720,2024-04-15,México,Laptop,En línea,10,30.0,300.0
LAT-00156,2024-04-16,Chile,Monitor,Tienda,1,505.97,505.97
LAT-00158,2024-04-16,Perú,Laptop,En línea,11,393.63,4329.93
LAT-00662,2024-04-17,Chile,Teclado,Tienda,3,120.37,361.11
LAT-00678,2024-04-18,México,Teléfono,Tienda,13,494.04,6422.52
LAT-00390,2024-04-18,México,Tableta,En línea,7,381.77,2672.39
LAT-00136,2024-04-19,Chile,Teléfono,Tienda,6,693.36,4160.16
LAT-00865,2024-04-19,México,Tableta,En línea,6,250.01,1500.06
LAT-00083,2024-04-19,Argentina,Audífonos,Tienda,4,808.37,3233.48
LAT-00277,2024-04-20,México,Monitor,Distribuidor,6,475.15,2850.9
LAT-00544,2024-04-20,México,Laptop,En línea,11,312.3,3435.3
LAT-00769,2024-04-21,Chile,Teléfono,Distribuidor,4,381.87,1527.48
LAT-00867,2024-04-21,México,Teléfono,Distribuidor,12,616.14,7393.68
LAT-00076,2024-04-22,Chile,Teclado,Tienda,13,253.55,3296.15
LAT-00120,2024-04-23,México,Teclado,Tienda,10,133.32,1333.2
LAT-00545,2024-04-24,Perú,Tableta,Tienda,8,457.46,3659.68
LAT-00580,2024-04-24,México,Tableta,Tienda,4,415.92,1663.68
LAT-00414,2024-04-25,Colombia,Laptop,En línea,8,310.75,2486.0
LAT-00689,2024-04-25,Argentina,Teléfono,Tienda,12,785.53,9426.36
LAT-00063,2024-04-26,Argentina,Audífonos,En línea,14,961.89,13466.46
LAT-00399,2024-04-26,Argentina,Teclado,En línea,3,795.37,2386.11
LAT-00966,2024-04-26,Colombia,Teclado,En línea,4,452.25,1809.0
LAT-00477,2024-04-26,México,Monitor,Tienda,1,227.93,227.93
LAT-00658,2024-04-27,Colombia,Tableta,Tienda,13,129.27,1680.51
LAT-00154,2024-04-27,Argentina,Audífonos,En línea,6,531.09,3186.54
LAT-00675,2024-04-27,Chile,Monitor,En línea,11,191.08,77517.92
LAT-00077,2024-04-28,México,Laptop,En línea,3,409.45,1228.35
LAT-00431,2024-04-28,México,Monitor,En línea,14,177.44,2484.16
LAT-00319,2024-04-29,Colombia,Monitor,Tienda,10,422.19,4221.9
LAT-00123,2024-04-29,Perú,Teléfono,Tienda,11,312.26,3434.86
LAT-00719,2024-04-29,Argentina,Audífonos,En línea,11,893.21,9825.31
LAT-00373,2024-04-30,Argentina,Teléfono,Tienda,3,596.44,1789.32
LAT-00513,2024-05-01,Chile,Monitor,En línea,4,562.12,2248.48
LAT-00971,2024-05-02,Colombia,Audífonos,En línea,3,361.43,1084.29
LAT-00041,2024-05-02,México,Monitor,En línea,11,462.86,5091.46
LAT-00812,2024-05-02,México,Teléfono,Tienda,10,359.33,3593.3
LAT-00837,2024-05-03,Chile,Monitor,En línea,1,409.23,409.23
LAT-00237,2024-05-03,Argentina,Laptop,Tienda,9,514.06,4626.54
LAT-00441,2024-05-03,Argentina,Tableta,En línea,10,870.44,8704.4
LAT-00612,2024-05-04,México,Teclado,En línea,8,315.95,2527.6
LAT-00008,2024-05-04,México,Teléfono,En línea,9,509.96,4589.64
LAT-00608,2024-05-04,México,Teclado,Distribuidor,3,701.06,2103.18
LAT-00118,2024-05-04,México,Teléfono,En línea,6,348.64,2091.84
LAT-00332,2024-05-04,México,Laptop,Tienda,6,432.91,2597.46
LAT-00596,2024-05-04,Colombia,Tableta,Distribuidor,9,371.03,3339.27
LAT-00610,2024-05-04,Colombia,Audífonos,Tienda,7,434.66,3042.62
LAT-00030,2024-05-05,México,Laptop,En línea,10,455.76,4557.6
LAT-00950,2024-05-06,Argentina,Teclado,En línea,4,669.16,2676.64
LAT-00855,2024-05-06,Argentina,Teclado,Tienda,7,839.64,5877.48
LAT-00301,2024-05-07,Chile,Teclado,Tienda,13,565.51,7351.63
LAT-00849,2024-05-07,Colombia,Monitor,En línea,11,480.25,5282.75
LAT-00044,2024-05-08,Colombia,Teléfono,En línea,5,504.46,2522.3
LAT-00681,2024-05-08,Chile,Tableta,En línea,13,424.98,5524.74
LAT-00664,2024-05-09,Perú,Teclado,En línea,12,278.47,3341.64
LAT-00679,2024-05-09,Argentina,Teclado,En línea,5,1046.23,5231.15
LAT-00930,2024-05-09,México,Laptop,En línea,3,559.34,1678.02
LAT-00745,2024-05-09,Colombia,Tableta,En línea,4,558.65,2234.6
LAT-00917,2024-05-10,Argentina,Tableta,En línea,7,820.7,5744.9
LAT-00214,2024-05-10,Argentina,Laptop,Tienda,14,793.86,11114.04
LAT-00895,2024-05-11,México,Audífonos,En línea,10,145.57,1455.7
LAT-00741,2024-05-11,México,Teclado,Tienda,7,498.82,3491.74
LAT-00634,2024-05-12,Colombia,Tableta,En línea,2,513.54,1027.08
LAT-00956,2024-05-12,Perú,Teléfono,Tienda,7,559.89,3919.23
LAT-00190,2024-05-12,México,Laptop,En línea,14,171.54,58779.23
LAT-00703,2024-05-13,Chile,Monitor,En línea,9,426.93,3842.37
LAT-00377,2024-05-13,Argentina,Tableta,Tienda,6,657.64,3945.84
LAT-00498,2024-05-13,Argentina,Audífonos,En línea,9,462.13,4159.17
LAT-00574,2024-05-14,México,Laptop,En línea,13,459.68,5975.84
LAT-00551,2024-05-14,Colombia,Laptop,En línea,12,518.65,6223.8
LAT-00161,2024-05-14,Chile,Tableta,En línea,13,158.12,2055.56
LAT-00084,2024-05-14,México,Audífonos,Tienda,12,469.09,5629.08
LAT-00799,2024-05-15,México,Laptop,En línea,4,281.5,1126.0
LAT-00738,2024-05-15,México,Laptop,En línea,7,447.89,3135.23
LAT-00927,2024-05-16,México,Audífonos,Tienda,1,375.07,375.07
LAT-00704,2024-05-16,Argentina,Audífonos,En línea,9,710.63,6395.67
LAT-00708,2024-05-16,Argentina,Monitor,En línea,11,805.5,8860.5
LAT-00537,2024-05-17,México,Teléfono,En línea,3,607.66,1822.98
LAT-00309,2024-05-18,Argentina,Audífonos,Tienda,5,617.34,3086.7
LAT-00767,2024-05-18,México,Tableta,En línea,5,734.4,3672.0
LAT-00789,2024-05-19,Argentina,Monitor,Distribuidor,1,571.16,571.16
LAT-00202,2024-05-20,Argentina,Audífonos,En línea,7,642.16,4495.12
LAT-00901,2024-05-21,Chile,Laptop,Distribuidor,12,347.53,4170.36
LAT-00229,2024-05-21,México,Monitor,En línea,6,719.14,4314.84
LAT-00851,2024-05-21,Chile,Tableta,Distribuidor,13,514.7,6691.1
LAT-00499,2024-05-22,Colombia,Monitor,Tienda,10,289.01,2890.1
LAT-00809,2024-05-23,Perú,Teclado,Tienda,5,203.95,1019.75
LAT-00293,2024-05-23,Colombia,Laptop,En línea,13,389.1,5058.3
LAT-00992,2024-05-24,México,Monitor,Tienda,1,329.0,329.0
LAT-00810,2024-05-24,México,Laptop,Distribuidor,9,165.35,1488.15
LAT-00827,2024-05-25,Argentina,Teclado,En línea,4,448.9,1795.6
LAT-00645,2024-05-25,México,Teléfono,En línea,9,264.12,2377.08
LAT-00999,2024-05-26,Chile,Tableta,Tienda,7,396.77,2777.39
LAT-00351,2024-05-27,México,Tableta,Tienda,9,418.21,3763.89
LAT-00798,2024-05-28,México,Laptop,Distribuidor,6,417.73,2506.38
LAT-00099,2024-05-28,México,Teléfono,Tienda,11,242.43,2666.73
LAT-00543,2024-05-28,Chile,Audífonos,En línea,10,426.18,4261.8
LAT-00020,2024-05-28,México,Monitor,En línea,5,296.73,1483.65
LAT-00845,2024-05-28,Argentina,Teléfono,Tienda,9,741.99,6677.91
LAT-00888,2024-05-28,Colombia,Teléfono,Tienda,14,463.95,6495.3
LAT-00986,2024-05-29,Perú,Laptop,En línea,7,390.6,2734.2
LAT-00889,2024-05-30,México,Audífonos,Tienda,3,622.47,1867.41
LAT-00216,2024-05-31,Colombia,Tableta,En línea,11,311.48,3426.28
LAT-00186,2024-05-31,Colombia,Audífonos,Tienda,14,443.51,6209.14
LAT-00795,2024-05-31,Perú,Audífonos,En línea,13,300.88,3911.44
LAT-00861,2024-05-31,México,Laptop,En línea,2,280.76,561.52
LAT-00303,2024-05-31,Argentina,Tableta,Tienda,6,526.84,3161.04
LAT-00338,2024-05-31,México,Teléfono,Tienda,1,339.67,339.67
LAT-00268,2024-06-01,Chile,Tableta,En línea,14,474.13,6637.82
LAT-00257,2024-06-01,Chile,Teléfono,En línea,6,188.37,1130.22
LAT-00484,2024-06-02,Argentina,Audífonos,Distribuidor,11,636.17,6997.87
LAT-00777,2024-06-02,Colombia,Laptop,En línea,8,392.55,3140.4
LAT-00001,2024-06-02,Argentina,Teclado,Tienda,11,638.87,7027.57
LAT-00153,2024-06-02,Colombia,Teléfono,En línea,10,318.75,3187.5
LAT-00225,2024-06-02,Chile,Audífonos,Distribuidor,4,432.86,1731.44
LAT-00365,2024-06-02,Colombia,Monitor,En línea,8,264.27,2114.16
LAT-00984,2024-06-03,México,Teléfono,Distribuidor,7,535.46,3748.22
LAT-00640,2024-06-03,México,Tableta,Distribuidor,7,487.23,3410.61
LAT-00388,2024-06-03,México,Teclado,En línea,9,395.61,3560.49
LAT-00565,2024-06-03,México,Teléfono,Tienda,1,326.03,326.03
LAT-00880,2024-06-03,Chile,Teléfono,En línea,14,509.26,7129.64
LAT-00165,2024-06-03,México,Audífonos,Tienda,3,801.17,2403.51
LAT-00175,2024-06-03,México,Teléfono,Tienda,13,341.82,4443.66
LAT-00782,2024-06-04,Argentina,Teclado,Tienda,6,848.02,5088.12
LAT-00359,2024-06-04,México,Teclado,Tienda,5,353.23,1766.15
LAT-00071,2024-06-04,México,Teléfono,En línea,7,557.53,3902.71
LAT-00635,2024-06-04,Chile,Monitor,En línea,13,637.12,8282.56
LAT-00304,2024-06-05,Argentina,Tableta,En línea,5,818.46,4092.3
LAT-00339,2024-06-06,Chile,Teclado,En línea,11,180.23,1982.53
LAT-00437,2024-06-06,Chile,Monitor,Tienda,4,351.31,1405.24
LAT-00074,2024-06-06,Colombia,Tableta,En línea,8,369.53,2956.24
LAT-00489,2024-06-07,México,Monitor,Tienda,2,358.55,717.1
LAT-00215,2024-06-07,México,Audífonos,Tienda,8,492.1,3936.8
LAT-00181,2024-06-07,México,Tableta,Tienda,4,658.97,2635.88
LAT-00079,2024-06-07,Argentina,Laptop,En línea,6,829.54,4977.24
LAT-00595,2024-06-08,Argentina,Audífonos,En línea,12,875.02,10500.24
LAT-00180,2024-06-08,México,Laptop,Tienda,5,356.99,1784.95
LAT-00334,2024-06-09,México,Teclado,Tienda,2,367.08,734.16
LAT-00875,2024-06-09,Perú,Teléfono,En línea,2,136.85,273.7
LAT-00826,2024-06-09,México,Monitor,En línea,2,521.62,1043.24
LAT-00705,2024-06-09,Chile,Audífonos,En línea,8,408.76,3270.08
LAT-00368,2024-06-10,Argentina,Laptop,Distribuidor,8,477.04,3816.32
LAT-00316,2024-06-10,Colombia,Teclado,En línea,1,413.49,413.49
LAT-00620,2024-06-11,Argentina,Teléfono,Tienda,11,626.52,6891.72
LAT-00436,2024-06-12,Argentina,Audífonos,En línea,5,319.17,1595.85
LAT-00147,2024-06-13,México,Audífonos,Tienda,2,421.83,843.66
LAT-00781,2024-06-13,Argentina,Teclado,Distribuidor,6,608.49,3650.94
LAT-00233,2024-06-13,México,Teléfono,Tienda,7,510.84,3575.88
LAT-00457,2024-06-14,Argentina,Teclado,En línea,13,837.23,10883.99
LAT-00391,2024-06-14,Colombia,Audífonos,Distribuidor,12,455.25,5463.0
LAT-00739,2024-06-15,Colombia,Teléfono,En línea,3,380.34,1141.02
LAT-00623,2024-06-15,Chile,Tableta,Tienda,12,380.33,4563.96
LAT-00550,2024-06-16,Argentina,Teclado,En línea,5,758.75,3793.75
LAT-00258,2024-06-16,Argentina,Laptop,En línea,4,785.83,3143.32
LAT-00413,2024-06-16,México,Monitor,En línea,5,312.48,70395.74
LAT-00820,2024-06-17,México,Monitor,Distribuidor,6,506.61,3039.66
LAT-00621,2024-06-17,Argentina,Laptop,En línea,1,287.88,287.88
LAT-00349,2024-06-17,México,Teclado,En línea,6,317.57,1905.42
LAT-00482,2024-06-18,Argentina,Teclado,En línea,12,230.48,2765.76
LAT-00616,2024-06-18,Colombia,Monitor,En línea,4,744.41,2977.64
LAT-00308,2024-06-19,México,Monitor,Tienda,2,205.14,410.28
LAT-00744,2024-06-20,Colombia,Tableta,En línea,14,352.14,4929.96
LAT-00260,2024-06-20,México,Monitor,En línea,6,533.57,3201.42
LAT-00993,2024-06-21,México,Teléfono,Distribuidor,2,392.53,785.06
LAT-00570,2024-06-21,Argentina,Audífonos,Tienda,5,632.51,3162.55
LAT-00876,2024-06-21,México,Teléfono,En línea,9,339.69,3057.21
LAT-00200,2024-06-21,México,Teclado,Tienda,13,244.43,3177.59
LAT-00893,2024-06-22,Colombia,Laptop,Tienda,6,251.45,1508.7
LAT-00977,2024-06-22,Argentina,Teléfono,En línea,10,596.41,5964.1
LAT-00103,2024-06-22,México,Laptop,Tienda,11,279.97,3079.67
LAT-00289,2024-06-23,Perú,Monitor,En línea,6,294.02,1764.12
LAT-00985,2024-06-24,Perú,Tableta,Distribuidor,3,297.85,893.55
LAT-00098,2024-06-24,México,Audífonos,En línea,6,418.02,2508.12
LAT-00734,2024-06-25,Colombia,Teclado,En línea,12,498.42,5981.04
LAT-00025,2024-06-27,Colombia,Laptop,Tienda,5,789.92,3949.6
LAT-00188,2024-06-27,Perú,Monitor,En línea,7,597.82,4184.74
LAT-00109,2024-06-28,Chile,Audífonos,En línea,9,431.07,3879.63
LAT-00597,2024-06-28,México,Laptop,Tienda,4,425.06,1700.24
LAT-00325,2024-06-29,Colombia,Audífonos,En línea,2,489.49,978.98
LAT-00924,2024-06-29,México,Monitor,Tienda,1,465.85,465.85
LAT-00841,2024-06-29,México,Teclado,En línea,9,318.79,2869.11
LAT-00823,2024-06-30,Perú,Audífonos,Tienda,5,498.86,2494.3
LAT-00476,2024-06-30,México,Tableta,En línea,4,542.72,2170.88
LAT-00429,2024-06-30,Chile,Tableta,Tienda,13,404.74,5261.62
LAT-00910,2024-06-30,Argentina,Tableta,En línea,11,461.18,5072.98
LAT-00415,2024-07-01,Chile,Laptop,En línea,8,327.97,2623.76
LAT-00157,2024-07-01,México,Tableta,En línea,4,391.25,1565.0
LAT-00090,2024-07-01,México,Tableta,Tienda,9,528.81,4759.29
LAT-00660,2024-07-02,Argentina,Tableta,En línea,4,761.73,3046.92
LAT-00672,2024-07-02,Argentina,Teléfono,En línea,9,688.37,6195.33
LAT-00913,2024-07-02,Argentina,Monitor,Distribuidor,10,941.06,9410.6
LAT-00204,2024-07-02,México,Monitor,Tienda,11,343.68,3780.48
LAT-00111,2024-07-02,Colombia,Monitor,Distribuidor,12,501.38,1804.97
LAT-00990,2024-07-02,Argentina,Monitor,En línea,5,787.62,3938.1
LAT-00406,2024-07-02,Chile,Monitor,En línea,2,652.57,1305.14
LAT-00265,2024-07-03,Chile,Laptop,En línea,6,247.85,1487.1
LAT-00629,2024-07-03,Chile,Teléfono,Tienda,7,453.14,3171.98
LAT-00624,2024-07-03,Perú,Monitor,Tienda,13,508.04,6604.52
LAT-00231,2024-07-03,Argentina,Monitor,Tienda,2,915.78,1831.56
LAT-00858,2024-07-03,Argentina,Teléfono,En línea,12,525.6,6307.2
LAT-00735,2024-07-03,Chile,Audífonos,En línea,12,532.14,6385.68
LAT-00389,2024-07-04,Argentina,Audífonos,Tienda,2,772.84,1545.68
LAT-00467,2024-07-04,México,Monitor,Distribuidor,4,171.37,685.48
LAT-00342,2024-07-04,Perú,Teclado,En línea,12,175.41,2104.92
LAT-00508,2024-07-05,Chile,Audífonos,En línea,14,592.76,8298.64
LAT-00560,2024-07-05,México,Tableta,Tienda,1,303.6,303.6
LAT-00086,2024-07-05,Perú,Laptop,Tienda,8,697.29,5578.32
LAT-00497,2024-07-05,Chile,Laptop,En línea,13,375.08,4876.04
LAT-00383,2024-07-05,México,Tableta,Tienda,9,280.77,2526.93
LAT-00478,2024-07-05,Perú,Audífonos,En línea,6,488.18,2929.08
LAT-00124,2024-07-05,Chile,Monitor,En línea,14,487.51,6825.14
LAT-00557,2024-07-06,Argentina,Laptop,Distribuidor,7,444.71,3112.97
LAT-00487,2024-07-06,México,Tableta,En línea,4,394.47,1577.88
LAT-00363,2024-07-06,Chile,Teclado,Distribuidor,6,418.87,2513.22
LAT-00670,2024-07-06,Chile,Laptop,Distribuidor,12,183.61,2203.32
LAT-00280,2024-07-07,Argentina,Audífonos,Distribuidor,10,638.97,6389.7
LAT-00818,2024-07-07,Chile,Teclado,Distribuidor,6,182.73,1096.38
LAT-00587,2024-07-07,México,Audífonos,Tienda,8,419.35,3354.8
LAT-00075,2024-07-08,Argentina,Audífonos,Tienda,4,759.35,3037.4
LAT-00197,2024-07-08,Chile,Laptop,En línea,10,482.56,4825.6
LAT-00081,2024-07-08,Perú,Monitor,En línea,7,411.71,2881.97
LAT-00732,2024-07-09,Argentina,Tableta,Tienda,12,524.11,6289.32
LAT-00315,2024-07-09,Chile,Teclado,Distribuidor,14,578.22,8095.08
LAT-00695,2024-07-09,Colombia,Teclado,Tienda,9,474.08,1280.02
LAT-00838,2024-07-10,México,Teclado,Tienda,12,495.09,5941.08
LAT-00718,2024-07-10,México,Laptop,En línea,12,507.35,6088.2
LAT-00981,2024-07-10,Perú,Monitor,En línea,8,342.03,2736.24
LAT-00853,2024-07-12,Argentina,Teclado,En línea,8,512.86,4102.88
LAT-00051,2024-07-12,Colombia,Laptop,En línea,7,348.96,732.82
LAT-00360,2024-07-12,Argentina,Audífonos,En línea,7,698.64,4890.48
LAT-00935,2024-07-13,Colombia,Laptop,En línea,5,331.2,496.8
LAT-00511,2024-07-14,México,Monitor,Tienda,7,578.62,4050.34
LAT-00073,2024-07-14,Colombia,Monitor,En línea,2,261.35,156.81
LAT-00978,2024-07-15,México,Audífonos,En línea,5,517.28,2586.4
LAT-00343,2024-07-16,Perú,Monitor,En línea,13,166.56,2165.28
LAT-00031,2024-07-17,Perú,Audífonos,En línea,13,180.37,2344.81
LAT-00987,2024-07-17,Chile,Laptop,En línea,1,463.98,463.98
LAT-00428,2024-07-17,México,Laptop,Distribuidor,10,432.95,4329.5
LAT-00804,2024-07-17,México,Tableta,En línea,7,542.83,3799.81
LAT-00345,2024-07-17,Argentina,Monitor,En línea,2,664.75,1329.5
LAT-00432,2024-07-18,Chile,Teclado,Distribuidor,9,367.57,3308.13
LAT-00021,2024-07-18,Colombia,Teléfono,En línea,10,391.27,1173.81
LAT-00102,2024-07-18,México,Monitor,En línea,8,618.23,4945.84
LAT-00133,2024-07-18,México,Monitor,Tienda,8,548.94,4391.52
LAT-00230,2024-07-19,México,Monitor,Tienda,14,486.01,6804.14
LAT-00274,2024-07-19,Colombia,Tableta,En línea,8,421.89,1012.54
LAT-00144,2024-07-19,Colombia,Tableta,En línea,10,397.33,1191.99
LAT-00387,2024-07-19,Colombia,Monitor,En línea,9,475.51,1283.88
LAT-00310,2024-07-20,Perú,Monitor,En línea,14,670.4,9385.6
LAT-00572,2024-07-21,Chile,Teclado,Tienda,14,393.21,5504.94
LAT-00023,2024-07-21,Colombia,Teclado,Tienda,14,196.09,823.58
LAT-00446,2024-07-21,Chile,Monitor,Tienda,8,500.06,4000.48
LAT-00435,2024-07-21,Chile,Teléfono,Tienda,14,257.51,3605.14
LAT-00773,2024-07-22,México,Tableta,En línea,2,312.68,625.36
LAT-00057,2024-07-22,México,Monitor,En línea,9,463.39,4170.51
LAT-00627,2024-07-22,México,Audífonos,Distribuidor,7,557.5,3902.5
LAT-00385,2024-07-22,Colombia,Tableta,En línea,9,483.79,1306.23
LAT-00817,2024-07-23,Colombia,Laptop,Distribuidor,6,487.11,876.8
LAT-00290,2024-07-23,México,Audífonos,En línea,9,614.59,5531.31
LAT-00982,2024-07-24,Argentina,Teléfono,En línea,7,496.52,3475.64
LAT-00085,2024-07-24,México,Laptop,Tienda,11,258.01,2838.11
LAT-00047,2024-07-24,Argentina,Monitor,Tienda,13,765.38,9949.94
LAT-00644,2024-07-24,Perú,Tableta,Tienda,7,416.24,2913.68
LAT-00688,2024-07-24,México,Laptop,En línea,6,111.78,670.68
LAT-00239,2024-07-25,México,Laptop,En línea,8,434.9,3479.2
LAT-00039,2024-07-25,México,Tableta,En línea,8,208.46,1667.68
LAT-00458,2024-07-25,Argentina,Audífonos,En línea,13,379.96,4939.48
LAT-00218,2024-07-25,México,Monitor,En línea,6,291.66,1749.96
LAT-00593,2024-07-26,México,Teclado,En línea,3,280.9,842.7
LAT-00600,2024-07-26,Colombia,Laptop,En línea,6,647.19,1164.94
LAT-00684,2024-07-26,México,Tableta,En línea,7,567.59,3973.13
LAT-00829,2024-07-27,Colombia,Laptop,En línea,3,374.53,337.08
LAT-00011,2024-07-27,Chile,Teclado,En línea,11,487.65,5364.15
LAT-00012,2024-07-28,Colombia,Monitor,En línea,6,505.71,910.28
LAT-00936,2024-07-28,Chile,Teclado,Tienda,14,520.4,7285.6
LAT-00104,2024-07-28,México,Laptop,En línea,10,296.32,2963.2
LAT-00394,2024-07-29,México,Laptop,En línea,4,109.48,437.92
LAT-00264,2024-07-29,Colombia,Tableta,En línea,3,125.02,112.52
LAT-00713,2024-07-29,México,Monitor,Tienda,1,460.07,460.07
LAT-00945,2024-07-29,Colombia,Monitor,Tienda,6,321.25,578.25
LAT-00636,2024-07-30,Argentina,Audífonos,Distribuidor,3,1029.19,3087.57
LAT-00963,2024-07-30,Argentina,Laptop,Tienda,4,461.52,1846.08
LAT-00201,2024-07-30,Argentina,Audífonos,Distribuidor,11,370.07,4070.77
LAT-00009,2024-07-30,México,Monitor,Distribuidor,9,528.98,4760.82
LAT-00366,2024-07-31,Chile,Monitor,En línea,10,496.17,4961.7
LAT-00900,2024-08-01,México,Tableta,En línea,10,532.96,5329.6
LAT-00114,2024-08-01,Argentina,Teclado,En línea,10,459.59,4595.9
LAT-00398,2024-08-01,México,Teclado,Distribuidor,2,478.54,957.08
LAT-00517,2024-08-01,México,Audífonos,En línea,8,543.37,4346.96
LAT-00061,2024-08-01,México,Teclado,En línea,3,548.97,1646.91
LAT-00649,2024-08-02,Chile,Laptop,En línea,8,464.09,3712.72
LAT-00092,2024-08-02,México,Tableta,Tienda,2,414.9,829.8
LAT-00495,2024-08-03,México,Monitor,En línea,5,223.67,1118.35
LAT-00452,2024-08-03,Colombia,Teléfono,En línea,5,492.73,739.1
LAT-00070,2024-08-03,México,Monitor,Distribuidor,11,444.1,4885.1
LAT-00072,2024-08-04,Perú,Audífonos,En línea,10,536.67,5366.7
LAT-00425,2024-08-04,Colombia,Laptop,En línea,10,268.42,805.26
LAT-00951,2024-08-05,Argentina,Tableta,Distribuidor,8,491.73,3933.84
LAT-00016,2024-08-05,México,Teclado,Distribuidor,1,241.89,241.89
LAT-00706,2024-08-05,Argentina,Tableta,Distribuidor,4,622.34,2489.36
LAT-00836,2024-08-05,México,Monitor,En línea,6,288.16,1728.96
LAT-00418,2024-08-05,Chile,Audífonos,Tienda,6,435.11,2610.66
LAT-00891,2024-08-06,México,Tableta,Tienda,14,448.35,6276.9
LAT-00042,2024-08-06,Perú,Laptop,En línea,6,407.55,2445.3
LAT-00518,2024-08-06,México,Laptop,Tienda,6,289.63,1737.78
LAT-00439,2024-08-07,Colombia,Laptop,Tienda,1,383.61,115.08
LAT-00198,2024-08-07,México,Teléfono,En línea,9,380.83,3427.47
LAT-00642,2024-08-07,México,Teclado,En línea,5,334.75,1673.75
LAT-00527,2024-08-09,Perú,Audífonos,En línea,9,332.71,2994.39
LAT-00105,2024-08-09,Argentina,Teclado,Tienda,11,594.61,6540.71
LAT-00737,2024-08-10,México,Monitor,Tienda,3,439.2,1317.6
LAT-00172,2024-08-10,México,Tableta,Tienda,14,370.64,5188.96
LAT-00725,2024-08-10,Chile,Monitor,En línea,13,344.72,4481.36
LAT-00337,2024-08-11,Chile,Laptop,Distribuidor,1,417.91,417.91
LAT-00038,2024-08-11,Colombia,Monitor,Distribuidor,10,478.43,1435.29
LAT-00140,2024-08-11,México,Audífonos,En línea,13,469.45,6102.85
LAT-00617,2024-08-11,México,Laptop,En línea,5,303.12,1515.6
LAT-00004,2024-08-12,México,Monitor,En línea,9,283.77,2553.93
LAT-00417,2024-08-14,Chile,Teléfono,Tienda,9,422.85,3805.65
LAT-00382,2024-08-14,Argentina,Teléfono,En línea,9,708.57,6377.13
LAT-00138,2024-08-14,Colombia,Teléfono,En línea,11,434.06,1432.4
LAT-00183,2024-08-15,México,Audífonos,Tienda,7,458.11,3206.77
LAT-00402,2024-08-15,Argentina,Audífonos,En línea,11,563.3,6196.3
LAT-00485,2024-08-15,Colombia,Monitor,En línea,8,482.21,1157.3
LAT-00697,2024-08-15,México,Teclado,Tienda,11,597.1,6568.1
LAT-00784,2024-08-15,Perú,Laptop,En línea,10,595.52,5955.2
LAT-00680,2024-08-16,Argentina,Teléfono,Tienda,13,596.48,7754.24
LAT-00208,2024-08-16,México,Audífonos,En línea,8,30.0,240.0
LAT-00506,2024-08-17,Chile,Teléfono,En línea,7,124.74,873.18
LAT-00832,2024-08-17,Colombia,Audífonos,Distribuidor,1,536.72,161.02
LAT-00693,2024-08-18,Perú,Audífonos,Tienda,2,659.56,1319.12
LAT-00976,2024-08-18,México,Tableta,En línea,8,442.7,3541.6
LAT-00096,2024-08-18,México,Audífonos,Tienda,9,690.45,6214.05
LAT-00381,2024-08-18,Chile,Teclado,Tienda,4,543.59,2174.36
LAT-00780,2024-08-19,Colombia,Teclado,En línea,12,165.71,596.56
LAT-00115,2024-08-19,México,Teclado,Tienda,4,527.11,2108.44
LAT-00460,2024-08-19,Colombia,Monitor,Tienda,14,286.65,1203.93
LAT-00143,2024-08-19,México,Teléfono,Tienda,9,579.66,5216.94
LAT-00255,2024-08-20,Colombia,Teclado,En línea,1,134.12,40.24
LAT-00328,2024-08-21,Argentina,Teléfono,En línea,11,609.74,6707.14
LAT-00778,2024-08-22,Chile,Monitor,En línea,7,404.42,2830.94
LAT-00287,2024-08-22,Argentina,Teclado,En línea,6,297.26,1783.56
LAT-00516,2024-08-22,Chile,Monitor,Tienda,4,412.14,1648.56
LAT-00311,2024-08-22,Argentina,Tableta,Tienda,3,595.36,1786.08
LAT-00300,2024-08-22,México,Teléfono,En línea,11,340.96,3750.56
LAT-00938,2024-08-22,México,Teléfono,Distribuidor,11,205.77,2263.47
LAT-00454,2024-08-22,México,Teclado,Distribuidor,2,275.42,550.84
LAT-00224,2024-08-23,Perú,Teclado,Tienda,9,432.17,3889.53
LAT-00471,2024-08-23,Argentina,Tableta,Tienda,9,819.39,7374.51
LAT-00638,2024-08-24,Argentina,Teléfono,Tienda,3,957.53,2872.59
LAT-00018,2024-08-24,Colombia,Teclado,En línea,14,291.03,1222.33
LAT-00749,2024-08-24,Perú,Tableta,En línea,2,252.29,504.58
LAT-00834,2024-08-25,Colombia,Audífonos,Tienda,10,568.15,1704.45
LAT-00524,2024-08-25,Chile,Tableta,Tienda,11,296.32,3259.52
LAT-00807,2024-08-26,Argentina,Monitor,Tienda,9,223.15,2008.35
LAT-00318,2024-08-26,Colombia,Monitor,En línea,6,570.6,1027.08
LAT-00053,2024-08-26,México,Teléfono,Tienda,8,582.51,4660.08
LAT-00801,2024-08-26,Colombia,Monitor,En línea,11,450.41,1486.35
LAT-00540,2024-08-27,México,Teléfono,En línea,14,286.23,4007.22
LAT-00501,2024-08-28,México,Teléfono,En línea,6,357.78,2146.68
LAT-00525,2024-08-28,México,Monitor,En línea,5,481.11,2405.55
LAT-00723,2024-08-28,Chile,Monitor,Tienda,11,216.83,2385.13
LAT-00529,2024-08-29,México,Tableta,Tienda,13,496.17,6450.21
LAT-00112,2024-08-29,México,Monitor,En línea,10,651.44,6514.4
LAT-00797,2024-08-30,México,Laptop,Distribuidor,1,332.82,332.82
LAT-00347,2024-08-30,México,Audífonos,En línea,4,502.43,2009.72
LAT-00673,2024-08-30,Chile,Teléfono,Tienda,12,280.09,3361.08
LAT-00455,2024-08-30,México,Teclado,Tienda,9,554.78,4993.02
LAT-00655,2024-08-31,Argentina,Laptop,En línea,12,702.21,8426.52
LAT-00686,2024-08-31,México,Laptop,En línea,11,424.1,4665.1
LAT-00980,2024-08-31,México,Tableta,Tienda,10,736.15,7361.5
LAT-00481,2024-08-31,Colombia,Laptop,En línea,5,621.63,932.44
LAT-00696,2024-09-01,Colombia,Tableta,En línea,12,317.21,1141.96
LAT-00997,2024-09-01,México,Teclado,Distribuidor,2,216.98,433.96
LAT-01000,2024-09-01,México,Teléfono,Tienda,3,638.92,1916.76
LAT-00281,2024-09-02,Chile,Audífonos,En línea,3,784.6,2353.8
LAT-00434,2024-09-02,México,Monitor,En línea,9,612.1,5508.9
LAT-00521,2024-09-02,Colombia,Monitor,En línea,2,467.77,280.66
LAT-00279,2024-09-03,Argentina,Monitor,Tienda,2,974.45,1948.9
LAT-00182,2024-09-04,México,Audífonos,En línea,9,463.09,4167.81
LAT-00691,2024-09-05,Colombia,Teléfono,Tienda,1,280.91,84.27
LAT-00353,2024-09-06,Chile,Tableta,Tienda,4,249.69,998.76
LAT-00872,2024-09-06,Colombia,Tableta,Tienda,10,644.5,1933.5
LAT-00002,2024-09-06,Argentina,Laptop,Tienda,12,418.15,5017.8
LAT-00553,2024-09-06,Argentina,Teléfono,En línea,6,672.48,4034.88
LAT-00972,2024-09-06,México,Monitor,En línea,6,114.21,685.26
LAT-00929,2024-09-07,Perú,Teclado,En línea,4,123.72,494.88
LAT-00089,2024-09-07,Perú,Audífonos,Tienda,4,418.83,1675.32
LAT-00846,2024-09-07,México,Teléfono,Distribuidor,9,565.01,5085.09
LAT-00692,2024-09-08,Argentina,Monitor,Distribuidor,12,288.47,3461.64
LAT-00650,2024-09-08,Argentina,Tableta,En línea,4,1039.15,4156.6
LAT-00251,2024-09-08,Argentina,Tableta,Tienda,10,620.36,6203.6
LAT-00840,2024-09-10,Chile,Tableta,Tienda,14,441.68,6183.52
LAT-00480,2024-09-10,México,Audífonos,En línea,3,582.4,1747.2
LAT-00199,2024-09-11,Chile,Teléfono,Tienda,6,611.32,3667.92
LAT-00027,2024-09-12,Chile,Tableta,En línea,4,260.82,1043.28
LAT-00793,2024-09-13,Colombia,Laptop,Tienda,2,661.9,397.14
LAT-00567,2024-09-13,México,Laptop,Tienda,13,515.35,6699.55
LAT-00785,2024-09-13,México,Monitor,En línea,5,517.47,2587.35
LAT-00307,2024-09-13,México,Teléfono,Tienda,1,397.55,397.55
LAT-00559,2024-09-14,México,Teléfono,En línea,3,376.67,1130.01
LAT-00921,2024-09-14,México,Teclado,En línea,7,455.83,3190.81
LAT-00178,2024-09-15,Argentina,Teléfono,Tienda,12,887.1,10645.2
LAT-00988,2024-09-15,Colombia,Teclado,Distribuidor,11,510.83,1685.74
LAT-00010,2024-09-15,Perú,Teléfono,En línea,5,614.52,3072.6
LAT-00488,2024-09-15,Chile,Tableta,Tienda,13,435.97,5667.61
LAT-00661,2024-09-15,México,Laptop,Tienda,4,571.56,2286.24
LAT-00715,2024-09-17,Perú,Audífonos,Tienda,2,303.94,607.88
LAT-00546,2024-09-17,México,Teléfono,Tienda,12,451.57,5418.84
LAT-00317,2024-09-17,Colombia,Tableta,En línea,1,593.17,177.95
LAT-00979,2024-09-17,Argentina,Laptop,En línea,6,553.18,3319.08
LAT-00392,2024-09-18,México,Audífonos,En línea,4,551.52,2206.08
LAT-00957,2024-09-18,Colombia,Laptop,Distribuidor,8,591.38,1419.31
LAT-00305,2024-09-18,Chile,Monitor,Tienda,1,366.61,366.61
LAT-00472,2024-09-19,Perú,Audífonos,En línea,3,517.92,1553.76
LAT-00926,2024-09-20,México,Audífonos,En línea,1,491.07,491.07
LAT-00207,2024-09-20,Argentina,Monitor,Tienda,11,604.15,6645.65
LAT-00619,2024-09-20,Argentina,Tableta,Distribuidor,12,875.19,10502.28
LAT-00533,2024-09-21,México,Teléfono,En línea,7,394.75,2763.25
LAT-00830,2024-09-21,Argentina,Monitor,Tienda,5,564.33,2821.65
LAT-00668,2024-09-21,México,Teclado,Tienda,14,496.65,6953.1
LAT-00003,2024-09-21,Colombia,Teléfono,Tienda,14,803.42,3374.36
LAT-00647,2024-09-21,Argentina,Teclado,En línea,1,501.65,501.65
LAT-00933,2024-09-21,Chile,Teléfono,En línea,11,452.99,4982.89
LAT-00882,2024-09-22,Perú,Monitor,En línea,12,412.76,4953.12
LAT-00137,2024-09-22,México,Teléfono,Tienda,5,454.7,2273.5
LAT-00843,2024-09-22,México,Teléfono,En línea,12,424.03,5088.36
LAT-00659,2024-09-22,Argentina,Teléfono,En línea,7,669.19,4684.33
LAT-00726,2024-09-22,Colombia,Tableta,Tienda,6,406.98,732.56
LAT-00613,2024-09-22,Argentina,Tableta,Tienda,3,513.24,1539.72
LAT-00450,2024-09-22,México,Tableta,Tienda,5,451.01,2255.05
LAT-00504,2024-09-23,Chile,Monitor,En línea,1,221.72,221.72
LAT-00456,2024-09-24,Perú,Teclado,En línea,3,564.19,1692.57
LAT-00335,2024-09-24,México,Monitor,Distribuidor,9,326.86,2941.74
LAT-00582,2024-09-24,México,Tableta,Tienda,2,444.91,889.82
LAT-00902,2024-09-24,Chile,Teléfono,En línea,6,624.85,3749.1
LAT-00590,2024-09-25,México,Audífonos,En línea,12,189.48,2273.76
LAT-00035,2024-09-25,Colombia,Teléfono,En línea,9,535.83,1446.74
LAT-00193,2024-09-26,Colombia,Teléfono,En línea,4,581.42,697.7
LAT-00656,2024-09-26,México,Monitor,En línea,8,283.67,2269.36
LAT-00925,2024-09-26,México,Teléfono,Distribuidor,11,324.63,3570.93
LAT-00254,2024-09-27,Perú,Tableta,En línea,2,256.02,512.04
LAT-00996,2024-09-27,México,Teclado,En línea,1,867.1,867.1
LAT-00107,2024-09-27,México,Teléfono,En línea,11,318.44,3502.84
LAT-00297,2024-09-27,Colombia,Monitor,Distribuidor,6,642.43,1156.37
LAT-00505,2024-09-27,México,Laptop,Tienda,3,619.29,1857.87
LAT-00046,2024-09-27,Colombia,Audífonos,En línea,14,517.5,2173.5
LAT-00742,2024-09-27,Colombia,Audífonos,Distribuidor,1,397.94,119.38
LAT-00442,2024-09-28,Chile,Tableta,Tienda,3,192.32,576.96
LAT-00665,2024-09-28,México,Monitor,En línea,3,181.57,544.71
LAT-00757,2024-09-28,Colombia,Audífonos,Distribuidor,10,519.92,1559.76
LAT-00131,2024-09-29,Chile,Monitor,Tienda,6,362.91,2177.46
LAT-00953,2024-09-29,México,Teléfono,Tienda,9,354.2,3187.8
LAT-00614,2024-09-30,Colombia,Laptop,Tienda,14,347.05,1457.61
LAT-00384,2024-09-30,Argentina,Audífonos,En línea,4,899.86,3599.44
LAT-00547,2024-10-01,México,Teléfono,Tienda,5,46.13,230.65
LAT-00604,2024-10-01,México,Audífonos,Tienda,6,505.0,3030.0
LAT-00702,2024-10-01,Argentina,Monitor,En línea,5,745.24,3726.2
LAT-00135,2024-10-01,México,Laptop,En línea,9,436.12,3925.08
LAT-00792,2024-10-01,México,Teclado,Distribuidor,9,351.64,3164.76
LAT-00573,2024-10-02,México,Audífonos,Distribuidor,2,400.5,801.0
LAT-00714,2024-10-02,Chile,Laptop,En línea,6,420.4,2522.4
LAT-00586,2024-10-03,México,Monitor,En línea,8,220.9,1767.2
LAT-00185,2024-10-03,México,Audífonos,Tienda,5,366.43,1832.15
LAT-00646,2024-10-03,Argentina,Audífonos,En línea,10,617.81,6178.1
LAT-00134,2024-10-04,México,Monitor,Tienda,9,695.52,6259.68
LAT-00761,2024-10-04,Argentina,Audífonos,Distribuidor,13,540.3,7023.9
LAT-00848,2024-10-04,Colombia,Laptop,Tienda,6,549.51,3297.06
LAT-00121,2024-10-04,Perú,Audífonos,En línea,5,423.56,2117.8
LAT-00219,2024-10-04,México,Monitor,Tienda,12,608.58,7302.96
LAT-00243,2024-10-04,Argentina,Teclado,En línea,6,237.6,1425.6
LAT-00690,2024-10-05,Argentina,Teléfono,En línea,13,561.92,7304.96
LAT-00195,2024-10-05,Perú,Teléfono,En línea,13,756.52,9834.76
LAT-00101,2024-10-05,México,Audífonos,Distribuidor,11,528.48,5813.28
LAT-00378,2024-10-05,Chile,Teléfono,En línea,5,261.28,1306.4
LAT-00710,2024-10-05,Argentina,Tableta,En línea,8,654.01,5232.08
LAT-00088,2024-10-06,Colombia,Monitor,Tienda,2,331.55,663.1
LAT-00762,2024-10-06,México,Teléfono,Distribuidor,6,94.7,568.2
LAT-00371,2024-10-06,México,Teclado,En línea,12,334.62,4015.44
LAT-00151,2024-10-06,Chile,Teclado,En línea,9,428.92,3860.28
LAT-00295,2024-10-07,Colombia,Teclado,Tienda,7,625.77,4380.39
LAT-00952,2024-10-07,México,Audífonos,Tienda,8,314.14,2513.12
LAT-00447,2024-10-08,Colombia,Audífonos,Tienda,11,658.44,7242.84
LAT-00899,2024-10-08,México,Audífonos,Tienda,12,469.75,5637.0
LAT-00794,2024-10-08,Argentina,Teléfono,En línea,3,647.17,1941.51
LAT-00232,2024-10-08,Colombia,Laptop,En línea,6,361.15,2166.9
LAT-00969,2024-10-09,México,Monitor,Distribuidor,13,558.85,7265.05
LAT-00536,2024-10-09,México,Teclado,En línea,11,272.38,2996.18
LAT-00639,2024-10-10,Colombia,Teléfono,En línea,12,395.45,4745.4
LAT-00860,2024-10-11,México,Laptop,Tienda,7,373.65,2615.55
LAT-00209,2024-10-11,Colombia,Tableta,En línea,6,295.56,1773.36
LAT-00469,2024-10-11,México,Tableta,Tienda,14,498.27,6975.78
LAT-00468,2024-10-11,Perú,Audífonos,Tienda,4,491.12,1964.48
LAT-00184,2024-10-12,México,Monitor,Tienda,5,334.33,1671.65
LAT-00579,2024-10-12,Colombia,Tableta,En línea,2,367.01,734.02
LAT-00558,2024-10-13,Argentina,Audífonos,En línea,12,383.87,4606.44
LAT-00282,2024-10-13,Perú,Monitor,Distribuidor,3,327.87,983.61
LAT-00006,2024-10-14,Perú,Laptop,Distribuidor,5,480.49,2402.45
LAT-00284,2024-10-14,Perú,Laptop,En línea,2,229.34,458.68
LAT-00790,2024-10-15,México,Teléfono,Tienda,3,218.87,656.61
LAT-00314,2024-10-15,México,Teléfono,Distribuidor,3,424.84,1274.52
LAT-00370,2024-10-16,Argentina,Teléfono,Tienda,6,460.23,2761.38
LAT-00405,2024-10-16,Argentina,Teclado,Tienda,9,685.37,6168.33
LAT-00870,2024-10-16,México,Laptop,En línea,2,560.51,1121.02
LAT-00169,2024-10-16,México,Monitor,Distribuidor,12,475.17,5702.04
LAT-00728,2024-10-16,Argentina,Audífonos,Tienda,6,1146.8,6880.8
LAT-00116,2024-10-17,México,Teléfono,En línea,10,198.12,1981.2
LAT-00093,2024-10-17,México,Teclado,Distribuidor,11,315.98,3475.78
LAT-00974,2024-10-17,Chile,Teclado,En línea,6,325.68,1954.08
LAT-00514,2024-10-18,Perú,Monitor,Distribuidor,2,547.59,1095.18
LAT-00850,2024-10-18,Colombia,Laptop,En línea,12,408.7,4904.4
LAT-00911,2024-10-18,México,Teclado,Distribuidor,14,428.36,5997.04
LAT-00873,2024-10-19,Perú,Laptop,En línea,13,163.52,2125.76
LAT-00786,2024-10-20,Argentina,Tableta,Distribuidor,3,431.18,1293.54
LAT-00386,2024-10-21,Perú,Teclado,Tienda,7,379.29,2655.03
LAT-00707,2024-10-21,Argentina,Teclado,Tienda,10,869.2,8692.0
LAT-00451,2024-10-21,Argentina,Tableta,Distribuidor,14,317.77,4448.78
LAT-00336,2024-10-22,México,Monitor,En línea,4,657.22,2628.88
LAT-00128,2024-10-23,Argentina,Tableta,En línea,8,825.19,6601.52
LAT-00765,2024-10-23,México,Laptop,Tienda,6,382.49,2294.94
LAT-00226,2024-10-23,Argentina,Audífonos,En línea,13,688.03,8944.39
LAT-00676,2024-10-24,Colombia,Teclado,En línea,10,63.77,637.7
LAT-00887,2024-10-24,México,Teclado,Distribuidor,3,455.45,1366.35
LAT-00811,2024-10-25,Argentina,Audífonos,En línea,3,742.62,2227.86
LAT-00625,2024-10-25,Argentina,Audífonos,Tienda,11,726.3,7989.3
LAT-00973,2024-10-25,México,Audífonos,Distribuidor,4,576.88,2307.52
LAT-00746,2024-10-25,Chile,Teclado,Tienda,9,466.73,4200.57
LAT-00682,2024-10-25,México,Laptop,En línea,8,470.7,3765.6
LAT-00955,2024-10-26,México,Laptop,Distribuidor,11,644.08,7084.88
LAT-00465,2024-10-26,Chile,Monitor,En línea,1,679.28,679.28
LAT-00970,2024-10-27,Argentina,Monitor,En línea,3,445.59,1336.77
LAT-00821,2024-10-27,Chile,Teléfono,En línea,6,273.53,1641.18
LAT-00066,2024-10-28,Chile,Audífonos,En línea,12,627.5,7530.0
LAT-00730,2024-10-29,México,Laptop,En línea,1,855.12,855.12
LAT-00069,2024-10-29,México,Monitor,Distribuidor,6,496.26,2977.56
LAT-00205,2024-10-29,Chile,Tableta,Tienda,1,338.97,338.97
LAT-00050,2024-10-29,Colombia,Monitor,En línea,3,533.51,1600.53
LAT-00278,2024-10-30,Perú,Tableta,En línea,14,355.37,4975.18
LAT-00577,2024-10-30,Colombia,Teléfono,Tienda,5,410.53,2052.65
LAT-00607,2024-10-31,México,Audífonos,En línea,9,604.56,5441.04
LAT-00803,2024-11-01,Perú,Audífonos,En línea,1,202.06,202.06
LAT-00915,2024-11-01,México,Teclado,En línea,13,282.92,3677.96
LAT-00687,2024-11-02,Colombia,Laptop,En línea,4,369.18,1476.72
LAT-00330,2024-11-02,Chile,Monitor,En línea,10,520.66,5206.6
LAT-00395,2024-11-02,Argentina,Tableta,Tienda,4,694.6,2778.4
LAT-00276,2024-11-03,Argentina,Monitor,Distribuidor,8,1104.48,8835.84
LAT-00110,2024-11-03,Argentina,Teléfono,Distribuidor,2,573.77,1147.54
LAT-00666,2024-11-03,México,Laptop,Tienda,3,410.19,1230.57
LAT-00065,2024-11-04,México,Laptop,En línea,2,680.27,1360.54
LAT-00949,2024-11-04,Argentina,Teléfono,Tienda,12,725.45,8705.4
LAT-00756,2024-11-04,México,Tableta,En línea,14,440.84,6171.76
LAT-00842,2024-11-05,Colombia,Teléfono,Tienda,10,221.95,2219.5
LAT-00426,2024-11-06,Perú,Teclado,En línea,7,124.01,868.07
LAT-00772,2024-11-06,Perú,Tableta,Tienda,4,508.82,2035.28
LAT-00149,2024-11-06,Colombia,Audífonos,En línea,1,491.69,491.69
LAT-00500,2024-11-07,Colombia,Teclado,Tienda,10,266.86,2668.6
LAT-00327,2024-11-07,Colombia,Laptop,Distribuidor,9,471.07,4239.63
LAT-00249,2024-11-07,Colombia,Audífonos,En línea,10,265.39,2653.9
LAT-00210,2024-11-07,Argentina,Tableta,En línea,2,953.53,1907.06
LAT-00059,2024-11-07,Perú,Tableta,Distribuidor,4,457.56,1830.24
LAT-00474,2024-11-07,Chile,Audífonos,En línea,4,410.18,1640.72
LAT-00759,2024-11-07,México,Tableta,Distribuidor,9,406.41,3657.69
LAT-00163,2024-11-09,Perú,Tableta,En línea,5,583.13,2915.65
LAT-00401,2024-11-09,Argentina,Monitor,Distribuidor,12,523.19,6278.28
LAT-00583,2024-11-09,Colombia,Teléfono,Distribuidor,2,331.05,662.1
LAT-00017,2024-11-09,Colombia,Tableta,Tienda,12,272.09,3265.08
LAT-00117,2024-11-10,México,Teléfono,Tienda,13,430.79,5600.27
LAT-00727,2024-11-10,México,Teclado,Distribuidor,3,414.7,1244.1
LAT-00694,2024-11-10,México,Tableta,Tienda,11,252.86,2781.46
LAT-00170,2024-11-11,Colombia,Laptop,Tienda,10,586.2,5862.0
LAT-00637,2024-11-11,México,Teléfono,Tienda,7,30.0,210.0
LAT-00407,2024-11-11,Colombia,Monitor,Tienda,14,440.33,6164.62
LAT-00937,2024-11-11,Colombia,Laptop,Distribuidor,1,412.09,412.09
LAT-00923,2024-11-12,México,Teléfono,Distribuidor,9,232.59,2093.31
LAT-00866,2024-11-12,México,Teclado,Tienda,2,638.48,1276.96
LAT-00918,2024-11-13,Colombia,Laptop,En línea,3,672.15,2016.45
LAT-00724,2024-11-14,México,Teclado,Tienda,10,535.13,5351.3
LAT-00227,2024-11-16,Colombia,Tableta,En línea,12,618.71,7424.52
LAT-00024,2024-11-16,Chile,Laptop,En línea,14,247.49,3464.86
LAT-00058,2024-11-17,Chile,Tableta,En línea,5,464.84,2324.2
LAT-00496,2024-11-17,Colombia,Monitor,En línea,12,539.8,6477.6
LAT-00142,2024-11-18,Perú,Audífonos,Tienda,11,518.61,5704.71
LAT-00270,2024-11-19,Perú,Teléfono,En línea,4,307.44,1229.76
LAT-00423,2024-11-19,Perú,Laptop,Distribuidor,11,734.85,8083.35
LAT-00026,2024-11-19,México,Teléfono,Tienda,14,553.12,7743.68
LAT-00698,2024-11-19,México,Tableta,Tienda,4,342.71,1370.84
LAT-00716,2024-11-19,Colombia,Teclado,Distribuidor,8,678.21,5425.68
LAT-00831,2024-11-20,Argentina,Teléfono,Tienda,9,98.73,888.57
LAT-00802,2024-11-20,México,Audífonos,Tienda,7,632.16,4425.12
LAT-00411,2024-11-20,Perú,Tableta,En línea,13,516.1,6709.3
LAT-00648,2024-11-21,Chile,Tableta,Tienda,1,718.98,718.98
LAT-00409,2024-11-22,Colombia,Teclado,En línea,1,535.19,535.19
LAT-00530,2024-11-22,Argentina,Audífonos,En línea,12,600.22,7202.64
LAT-00159,2024-11-22,México,Audífonos,En línea,5,281.98,1409.9
LAT-00321,2024-11-23,México,Teléfono,En línea,12,655.19,7862.28
LAT-00856,2024-11-23,Argentina,Audífonos,Tienda,6,464.0,2784.0
LAT-00857,2024-11-23,Chile,Audífonos,Tienda,11,464.93,5114.23
LAT-00507,2024-11-24,México,Laptop,En línea,8,258.94,2071.52
LAT-00962,2024-11-24,Argentina,Monitor,En línea,1,332.07,332.07
LAT-00419,2024-11-24,Chile,Teclado,Distribuidor,12,228.25,2739.0
LAT-00884,2024-11-25,Colombia,Teclado,Tienda,7,674.56,4721.92
LAT-00552,2024-11-25,México,Teléfono,En línea,8,487.25,3898.0
LAT-00333,2024-11-25,Argentina,Teléfono,Tienda,13,205.26,2668.38
LAT-00357,2024-11-27,México,Monitor,Distribuidor,1,568.3,568.3
LAT-00556,2024-11-27,Colombia,Monitor,Tienda,2,507.5,1015.0
LAT-00711,2024-11-27,México,Tableta,Tienda,3,530.46,1591.38
LAT-00522,2024-11-28,México,Audífonos,En línea,6,413.33,2479.98
LAT-00166,2024-11-28,México,Teléfono,En línea,10,368.28,3682.8
LAT-00523,2024-11-29,México,Audífonos,En línea,12,508.64,6103.68
LAT-00824,2024-11-29,Argentina,Monitor,Tienda,2,441.88,883.76
LAT-00013,2024-11-29,México,Teléfono,En línea,2,514.27,1028.54
LAT-00176,2024-11-29,Argentina,Monitor,Tienda,14,244.16,3418.24
LAT-00632,2024-11-30,México,Teclado,En línea,7,534.14,3738.98
LAT-00164,2024-11-30,México,Teléfono,Distribuidor,9,271.08,2439.72
LAT-00443,2024-11-30,Chile,Audífonos,Distribuidor,10,478.36,4783.6
LAT-00919,2024-12-01,México,Tableta,En línea,11,456.65,5023.15
LAT-00320,2024-12-02,México,Audífonos,Tienda,1,639.27,639.27
LAT-00369,2024-12-02,Perú,Monitor,Distribuidor,7,404.54,2831.78
LAT-00397,2024-12-02,Colombia,Teléfono,En línea,10,488.37,4883.7
LAT-00192,2024-12-02,Argentina,Audífonos,Distribuidor,9,402.02,3618.18
LAT-00775,2024-12-03,Perú,Audífonos,En línea,4,554.87,2219.48
LAT-00622,2024-12-03,Argentina,Laptop,En línea,9,686.98,6182.82
LAT-00654,2024-12-04,Argentina,Tableta,Tienda,9,569.93,5129.37
LAT-00129,2024-12-05,México,Audífonos,En línea,6,349.99,2099.94
LAT-00331,2024-12-05,Colombia,Monitor,Distribuidor,5,622.2,3111.0
LAT-00235,2024-12-06,Chile,Monitor,Tienda,3,473.59,1420.77
LAT-00538,2024-12-07,México,Monitor,Tienda,4,503.44,2013.76
LAT-00534,2024-12-07,Perú,Monitor,Tienda,9,185.56,1670.04
LAT-00531,2024-12-07,México,Audífonos,Distribuidor,7,408.77,2861.39
LAT-00444,2024-12-08,Colombia,Teclado,Distribuidor,3,451.26,1353.78
LAT-00731,2024-12-08,México,Teléfono,En línea,11,356.36,3919.96
LAT-00941,2024-12-08,México,Teclado,Distribuidor,13,409.47,5323.11
LAT-00080,2024-12-08,México,Tableta,En línea,1,507.79,507.79
LAT-00097,2024-12-09,Colombia,Teclado,Tienda,1,212.1,212.1
LAT-00032,2024-12-09,México,Teléfono,Tienda,8,396.97,3175.76
LAT-00907,2024-12-09,Chile,Audífonos,Tienda,5,371.87,1859.35
LAT-00584,2024-12-09,Argentina,Teléfono,En línea,10,644.56,6445.6
LAT-00322,2024-12-09,Colombia,Laptop,Distribuidor,11,302.98,3332.78
LAT-00064,2024-12-10,Chile,Teclado,En línea,1,779.16,779.16
LAT-00291,2024-12-10,México,Audífonos,Tienda,4,286.07,1144.28
LAT-00602,2024-12-10,Argentina,Laptop,En línea,10,939.81,9398.1
LAT-00470,2024-12-10,Perú,Audífonos,En línea,11,419.33,4612.63
LAT-00393,2024-12-10,Colombia,Laptop,Tienda,5,178.72,893.6
LAT-00404,2024-12-11,Perú,Teléfono,Tienda,5,491.48,2457.4
LAT-00273,2024-12-11,Perú,Monitor,Distribuidor,9,406.36,3657.24
LAT-00808,2024-12-11,México,Monitor,Tienda,10,191.58,1915.8
LAT-00275,2024-12-11,México,Teléfono,Tienda,8,329.62,2636.96
LAT-00657,2024-12-11,Perú,Laptop,En línea,2,450.66,901.32
LAT-00424,2024-12-11,Argentina,Monitor,Tienda,7,672.96,4710.72
LAT-00721,2024-12-12,Chile,Teléfono,Distribuidor,6,532.51,3195.06
LAT-00554,2024-12-12,México,Tableta,Tienda,6,441.38,2648.28
LAT-00847,2024-12-12,Colombia,Tableta,En línea,12,369.58,4434.96
LAT-00766,2024-12-12,Argentina,Teclado,En línea,8,881.9,7055.2
LAT-00372,2024-12-13,Chile,Monitor,En línea,10,441.05,4410.5
LAT-00222,2024-12-13,México,Monitor,En línea,4,195.56,52058.03
LAT-00049,2024-12-13,Colombia,Audífonos,Tienda,1,373.06,373.06
LAT-00029,2024-12-14,Argentina,Monitor,En línea,2,782.04,1564.08
LAT-00592,2024-12-15,Colombia,Audífonos,En línea,10,262.01,2620.1
LAT-00262,2024-12-15,Argentina,Teléfono,Distribuidor,4,649.55,2598.2
LAT-00430,2024-12-15,México,Teclado,En línea,14,211.76,2964.64
LAT-00356,2024-12-15,Perú,Teclado,Tienda,5,528.14,2640.7
LAT-00141,2024-12-15,Argentina,Monitor,Tienda,6,373.07,2238.42
LAT-00462,2024-12-16,México,Monitor,Tienda,5,421.69,2108.45
LAT-00125,2024-12-17,México,Laptop,En línea,7,551.11,3857.77
LAT-00509,2024-12-18,Perú,Audífonos,En línea,10,522.43,5224.3
LAT-00833,2024-12-18,Colombia,Laptop,En línea,3,271.61,814.83
LAT-00292,2024-12-19,Colombia,Monitor,Tienda,13,525.7,6834.1
LAT-00037,2024-12-19,Argentina,Laptop,En línea,10,797.76,7977.6
LAT-00760,2024-12-19,México,Laptop,Distribuidor,11,268.39,2952.29
LAT-00685,2024-12-19,México,Teclado,Distribuidor,4,360.84,1443.36
LAT-00502,2024-12-19,Chile,Teclado,Tienda,4,645.08,2580.32
LAT-00906,2024-12-20,Colombia,Teléfono,En línea,12,514.02,6168.24
LAT-00148,2024-12-21,Argentina,Monitor,En línea,11,348.68,3835.48
LAT-00989,2024-12-21,México,Tableta,En línea,7,139.01,973.07
LAT-00581,2024-12-22,Colombia,Monitor,En línea,3,465.17,1395.51
LAT-00242,2024-12-22,México,Teléfono,Distribuidor,4,545.04,2180.16
LAT-00034,2024-12-23,Colombia,Laptop,En línea,5,681.71,3408.55
LAT-00787,2024-12-23,México,Audífonos,Distribuidor,3,372.24,1116.72
LAT-00751,2024-12-23,Chile,Audífonos,En línea,9,681.62,6134.58
LAT-00179,2024-12-25,Colombia,Audífonos,Tienda,11,459.4,5053.4
LAT-00700,2024-12-25,México,Laptop,Tienda,8,628.33,5026.64
LAT-00463,2024-12-25,México,Teclado,En línea,4,322.61,1290.44
LAT-00922,2024-12-26,Chile,Monitor,En línea,4,488.78,1955.12
LAT-00869,2024-12-26,Perú,Teléfono,Distribuidor,14,361.93,5067.02
LAT-00306,2024-12-26,Perú,Teclado,En línea,14,659.43,9232.02
LAT-00722,2024-12-27,Colombia,Laptop,En línea,3,411.83,1235.49
LAT-00459,2024-12-27,Colombia,Teléfono,Tienda,11,323.79,3561.69
LAT-00167,2024-12-27,México,Teléfono,Tienda,6,341.81,2050.86
LAT-00520,2024-12-27,Argentina,Teclado,Tienda,14,837.55,11725.7
LAT-00028,2024-12-27,México,Teléfono,En línea,13,288.1,3745.3
LAT-00490,2024-12-28,Colombia,Teclado,Tienda,9,260.14,2341.26
LAT-00896,2024-12-28,Perú,Laptop,En línea,8,213.33,1706.64
LAT-00894,2024-12-28,México,Audífonos,En línea,13,595.32,7739.16
LAT-00535,2024-12-29,Colombia,Monitor,En línea,9,141.89,1277.01
LAT-00611,2024-12-29,Colombia,Laptop,Distribuidor,7,425.39,2977.73
LAT-00912,2024-12-29,Chile,Audífonos,En línea,10,410.91,4109.1
LAT-00448,2024-12-29,México,Audífonos,En línea,9,478.96,4310.64
LAT-00916,2024-12-29,México,Laptop,En línea,4,395.71,1582.84
LAT-00486,2024-12-29,Argentina,Teclado,Tienda,7,814.67,5702.69
LAT-00494,2024-12-29,Colombia,Monitor,En línea,6,376.91,2261.46
LAT-00886,2024-12-30,Colombia,Monitor,En línea,11,131.12,1442.32
LAT-00326,2024-12-31,Argentina,Monitor,Tienda,10,622.18,6221.8
