order_id,date,region,product,channel,units,unit_price,revenue
ORD-00381,2024-01-02,Central,Tablet,Online,1,460.64,460.64
ORD-00773,2024-01-02,South,Phone,Retail,5,618.65,3093.25
ORD-00901,2024-01-02,East,Headphones,Partner,5,492.24,2461.2
ORD-00846,2024-01-02,East,Tablet,Retail,4,601.96,2407.84
ORD-00465,2024-01-03,North,Headphones,Online,9,565.59,5090.31
ORD-00104,2024-01-03,Central,Keyboard,Retail,3,609.79,1829.37
ORD-00845,2024-01-03,North,Headphones,Online,5,445.45,2227.25
ORD-01190,2024-01-03,North,Monitor,Online,4,886.94,3547.76
ORD-00707,2024-01-03,East,Headphones,Online,9,462.09,4158.81
ORD-00575,2024-01-03,East,Tablet,Online,1,280.88,280.88
ORD-00303,2024-01-04,North,Monitor,Online,9,354.01,3186.09
ORD-01070,2024-01-04,Central,Tablet,Partner,6,277.83,1666.98
ORD-01175,2024-01-04,East,Phone,Online,11,370.78,4078.58
ORD-00790,2024-01-05,North,Monitor,Online,3,299.95,46221.83
ORD-00801,2024-01-05,South,Tablet,Retail,8,829.12,6632.96
ORD-01038,2024-01-06,Central,Tablet,Online,4,20.0,80.0
ORD-00410,2024-01-06,South,Laptop,Online,1,315.24,315.24
ORD-00839,2024-01-06,Central,Tablet,Online,4,402.4,1609.6
ORD-00889,2024-01-06,Central,Monitor,Online,9,348.5,3136.5
ORD-01121,2024-01-06,North,Monitor,Online,8,631.94,5055.52
ORD-00478,2024-01-07,South,Monitor,Online,9,594.21,5347.89
ORD-00415,2024-01-07,North,Phone,Online,9,398.0,3582.0
ORD-00233,2024-01-08,South,Headphones,Partner,5,477.29,2386.45
ORD-00540,2024-01-08,East,Monitor,Online,6,446.58,2679.48
ORD-00300,2024-01-08,East,Keyboard,Partner,3,728.48,2185.44
ORD-01167,2024-01-09,Central,Monitor,Partner,4,607.05,2428.2
ORD-00369,2024-01-09,East,Monitor,Retail,4,771.41,3085.64
ORD-00821,2024-01-09,West,Headphones,Online,4,195.27,781.08
ORD-00272,2024-01-09,North,Laptop,Online,11,53.52,588.72
ORD-00170,2024-01-09,East,Tablet,Partner,3,781.94,2345.82
ORD-00429,2024-01-10,West,Headphones,Retail,8,772.96,6183.68
ORD-01180,2024-01-10,South,Laptop,Online,6,613.49,3680.94
ORD-00454,2024-01-10,North,Headphones,Online,3,533.23,1599.69
ORD-00830,2024-01-11,South,Keyboard,Online,7,546.53,3825.71
ORD-00138,2024-01-12,North,Monitor,Online,5,297.27,1486.35
ORD-00385,2024-01-12,North,Keyboard,Online,1,526.97,526.97
ORD-00787,2024-01-12,West,Phone,Retail,10,550.69,5506.9
ORD-00147,2024-01-13,North,Tablet,Partner,1,401.81,401.81
ORD-00663,2024-01-13,North,Phone,Online,9,271.94,2447.46
ORD-00970,2024-01-14,South,Phone,Online,6,400.08,2400.48
ORD-00117,2024-01-14,East,Tablet,Online,8,742.14,5937.12
ORD-00844,2024-01-14,North,Tablet,Online,3,513.81,1541.43
ORD-00328,2024-01-14,Central,Laptop,Online,3,152.03,456.09
ORD-00870,2024-01-15,North,Headphones,Online,2,20.0,40.0
ORD-00817,2024-01-16,East,Tablet,Online,5,389.25,1946.25
ORD-00562,2024-01-16,East,Tablet,Partner,8,609.42,4875.36
ORD-01099,2024-01-16,Central,Phone,Online,1,281.57,281.57
ORD-01019,2024-01-16,Central,Monitor,Online,6,390.95,2345.7
ORD-00250,2024-01-16,Central,Phone,Retail,10,186.38,1863.8
ORD-00902,2024-01-16,Central,Monitor,Online,11,163.68,1800.48
ORD-01110,2024-01-17,North,Tablet,Online,7,371.34,2599.38
ORD-00811,2024-01-17,West,Laptop,Online,7,665.43,4658.01
ORD-00056,2024-01-17,North,Tablet,Online,8,532.08,4256.64
ORD-00397,2024-01-17,East,Laptop,Retail,8,182.15,1457.2
ORD-00352,2024-01-17,North,Phone,Retail,6,894.46,5366.76
ORD-00699,2024-01-19,West,Laptop,Online,10,447.42,4474.2
ORD-00574,2024-01-19,West,Tablet,Partner,11,593.8,6531.8
ORD-00848,2024-01-19,East,Phone,Retail,10,300.63,3006.3
ORD-00898,2024-01-20,East,Tablet,Online,5,396.09,1980.45
ORD-00546,2024-01-20,North,Phone,Online,2,407.48,814.96
ORD-00584,2024-01-20,North,Keyboard,Retail,8,179.92,1439.36
ORD-00887,2024-01-20,Central,Monitor,Retail,8,169.13,1353.04
ORD-00542,2024-01-21,West,Keyboard,Online,5,299.63,1498.15
ORD-01026,2024-01-21,West,Tablet,Online,9,464.65,4181.85
ORD-01021,2024-01-21,North,Monitor,Partner,4,358.12,1432.48
ORD-00858,2024-01-21,South,Laptop,Online,6,562.78,3376.68
ORD-01136,2024-01-22,West,Tablet,Retail,5,416.59,2082.95
ORD-00150,2024-01-22,West,Keyboard,Online,9,119.43,1074.87
ORD-00619,2024-01-23,East,Monitor,Online,8,440.85,3526.8
ORD-00036,2024-01-24,North,Tablet,Partner,2,504.96,1009.92
ORD-00279,2024-01-24,East,Phone,Retail,9,535.47,4819.23
ORD-00045,2024-01-25,East,Keyboard,Online,9,429.08,3861.72
ORD-01035,2024-01-25,Central,Laptop,Online,4,345.36,1381.44
ORD-00387,2024-01-25,North,Phone,Retail,10,766.72,7667.2
ORD-00518,2024-01-25,West,Laptop,Partner,8,442.45,3539.6
ORD-00899,2024-01-26,North,Phone,Online,1,324.6,324.6
ORD-01022,2024-01-27,East,Keyboard,Online,4,716.71,2866.84
ORD-00659,2024-01-27,East,Monitor,Online,2,504.2,1008.4
ORD-00069,2024-01-28,North,Tablet,Retail,6,463.26,2779.56
ORD-01055,2024-01-29,Central,Laptop,Partner,9,337.66,3038.94
ORD-01027,2024-01-29,South,Laptop,Online,7,281.41,1969.87
ORD-00127,2024-01-29,North,Laptop,Partner,3,659.24,1977.72
ORD-00217,2024-01-30,Central,Tablet,Online,9,321.15,2890.35
ORD-01096,2024-01-30,East,Keyboard,Retail,8,410.47,3283.76
ORD-00439,2024-01-30,South,Phone,Online,9,116.5,1048.5
ORD-00678,2024-01-31,North,Headphones,Retail,6,670.91,4025.46
ORD-00280,2024-01-31,East,Laptop,Online,5,325.44,1627.2
ORD-01122,2024-01-31,North,Headphones,Partner,6,519.69,3118.14
ORD-00246,2024-01-31,Central,Tablet,Partner,10,543.44,5434.4
ORD-00431,2024-01-31,East,Monitor,Online,4,448.61,1794.44
ORD-00881,2024-02-01,South,Tablet,Retail,10,191.02,1910.2
ORD-00007,2024-02-01,Central,Phone,Retail,11,550.58,6056.38
ORD-00753,2024-02-01,North,Monitor,Online,11,186.14,2047.54
ORD-00728,2024-02-02,East,Tablet,Online,4,99.49,397.96
ORD-00172,2024-02-02,East,Phone,Retail,2,380.36,760.72
ORD-00695,2024-02-02,North,Keyboard,Online,9,369.46,3325.14
ORD-00001,2024-02-02,South,Tablet,Retail,8,386.7,3093.6
ORD-00196,2024-02-02,North,Phone,Partner,1,416.13,416.13
ORD-00359,2024-02-03,South,Laptop,Retail,2,645.54,1291.08
ORD-00910,2024-02-03,West,Keyboard,Online,10,751.4,7514.0
ORD-00133,2024-02-03,North,Tablet,Retail,4,486.78,1947.12
ORD-00826,2024-02-03,South,Keyboard,Retail,11,640.19,7042.09
ORD-00033,2024-02-03,North,Laptop,Retail,5,698.92,3494.6
ORD-00010,2024-02-04,South,Headphones,Partner,11,548.48,6033.28
ORD-00674,2024-02-04,East,Phone,Retail,4,214.92,859.68
ORD-00581,2024-02-04,West,Monitor,Retail,6,333.16,1998.96
ORD-00243,2024-02-04,East,Monitor,Retail,7,289.12,2023.84
ORD-00951,2024-02-04,North,Laptop,Online,9,455.61,4100.49
ORD-00700,2024-02-04,South,Laptop,Online,4,625.32,2501.28
ORD-00977,2024-02-04,West,Laptop,Online,2,272.87,545.74
ORD-00376,2024-02-04,East,Headphones,Online,2,520.07,1040.14
ORD-00218,2024-02-05,East,Headphones,Partner,5,468.03,2340.15
ORD-00791,2024-02-05,Central,Phone,Online,3,296.13,888.39
ORD-00087,2024-02-05,South,Laptop,Retail,8,630.58,5044.64
ORD-00588,2024-02-06,Central,Phone,Online,6,502.75,3016.5
ORD-00891,2024-02-06,North,Phone,Online,6,527.17,3163.02
ORD-00258,2024-02-07,Central,Laptop,Retail,8,511.02,4088.16
ORD-00580,2024-02-07,North,Tablet,Partner,3,338.15,1014.45
ORD-00516,2024-02-08,North,Tablet,Online,5,556.36,2781.8
ORD-01166,2024-02-08,North,Laptop,Retail,8,314.44,2515.52
ORD-00460,2024-02-08,West,Monitor,Online,7,409.06,2863.42
ORD-00818,2024-02-08,East,Laptop,Online,2,599.03,1198.06
ORD-00171,2024-02-08,North,Tablet,Online,9,520.87,4687.83
ORD-00322,2024-02-09,West,Monitor,Retail,11,580.96,6390.56
ORD-00310,2024-02-09,North,Keyboard,Retail,6,314.63,1887.78
ORD-00583,2024-02-09,North,Laptop,Online,10,219.03,2190.3
ORD-00480,2024-02-09,North,Headphones,Online,4,681.85,2727.4
ORD-00808,2024-02-10,North,Phone,Online,3,540.08,1620.24
ORD-00120,2024-02-11,Central,Phone,Online,1,235.35,235.35
ORD-00501,2024-02-11,North,Laptop,Online,6,429.18,2575.08
ORD-00873,2024-02-11,North,Tablet,Retail,8,476.67,3813.36
ORD-00538,2024-02-12,South,Phone,Online,7,339.56,2376.92
ORD-00726,2024-02-12,Central,Tablet,Online,8,109.83,878.64
ORD-00365,2024-02-12,Central,Phone,Online,4,886.8,3547.2
ORD-01020,2024-02-12,North,Keyboard,Partner,6,435.08,2610.48
ORD-01050,2024-02-13,West,Phone,Retail,11,693.77,7631.47
ORD-00778,2024-02-13,Central,Phone,Online,11,498.96,5488.56
ORD-01157,2024-02-13,North,Monitor,Online,11,544.18,5985.98
ORD-00198,2024-02-13,North,Laptop,Online,1,647.31,647.31
ORD-00946,2024-02-13,South,Headphones,Retail,5,633.51,3167.55
ORD-00724,2024-02-13,West,Phone,Online,2,405.8,811.6
ORD-00313,2024-02-13,Central,Phone,Online,6,672.48,4034.88
ORD-00497,2024-02-13,North,Monitor,Partner,6,583.67,3502.02
ORD-00783,2024-02-14,East,Tablet,Online,6,490.69,2944.14
ORD-00784,2024-02-14,Central,Monitor,Online,5,736.69,3683.45
ORD-00418,2024-02-14,West,Laptop,Retail,11,507.3,5580.3
ORD-00863,2024-02-14,North,Monitor,Online,2,376.3,752.6
ORD-00386,2024-02-14,Central,Tablet,Retail,1,392.36,392.36
ORD-00874,2024-02-15,South,Laptop,Retail,4,551.1,2204.4
ORD-00436,2024-02-15,East,Laptop,Retail,4,574.3,2297.2
ORD-00018,2024-02-16,North,Tablet,Online,3,581.88,1745.64
ORD-00759,2024-02-16,East,Headphones,Partner,11,569.93,6269.23
ORD-00157,2024-02-16,North,Monitor,Online,4,502.53,2010.12
ORD-01005,2024-02-16,North,Phone,Partner,5,403.19,2015.95
ORD-00221,2024-02-16,North,Laptop,Partner,8,282.02,2256.16
ORD-00434,2024-02-17,Central,Phone,Retail,5,504.13,2520.65
ORD-00945,2024-02-17,South,Tablet,Online,7,449.46,3146.22
ORD-00705,2024-02-17,West,Headphones,Retail,7,347.68,2433.76
ORD-00074,2024-02-17,West,Laptop,Online,10,510.59,5105.9
ORD-00670,2024-02-18,South,Monitor,Online,6,567.71,3406.26
ORD-00443,2024-02-18,East,Headphones,Online,5,20.0,100.0
ORD-00414,2024-02-18,Central,Tablet,Online,8,421.27,3370.16
ORD-00823,2024-02-19,South,Headphones,Retail,11,665.28,7318.08
ORD-00948,2024-02-19,West,Keyboard,Retail,2,476.68,953.36
ORD-00604,2024-02-19,West,Laptop,Retail,9,387.25,3485.25
ORD-00721,2024-02-20,South,Monitor,Online,4,586.45,2345.8
ORD-00682,2024-02-20,South,Keyboard,Online,1,169.79,169.79
ORD-01090,2024-02-21,South,Headphones,Online,6,552.64,3315.84
ORD-00118,2024-02-21,North,Phone,Online,10,547.65,5476.5
ORD-00462,2024-02-21,East,Laptop,Online,6,471.26,2827.56
ORD-00620,2024-02-21,North,Laptop,Online,10,385.81,3858.1
ORD-00100,2024-02-21,North,Headphones,Online,10,831.61,8316.1
ORD-00306,2024-02-21,East,Headphones,Online,5,144.43,722.15
ORD-00769,2024-02-21,North,Keyboard,Online,1,206.68,206.68
ORD-00241,2024-02-21,North,Keyboard,Retail,2,349.14,698.28
ORD-00329,2024-02-21,East,Monitor,Online,9,545.19,4906.71
ORD-00834,2024-02-22,North,Laptop,Online,3,149.21,447.63
ORD-01187,2024-02-22,North,Monitor,Online,7,536.46,3755.22
ORD-00408,2024-02-22,North,Monitor,Retail,2,419.52,839.04
ORD-00528,2024-02-22,East,Laptop,Retail,4,168.28,673.12
ORD-00256,2024-02-22,South,Headphones,Partner,3,801.84,2405.52
ORD-01063,2024-02-22,West,Laptop,Online,9,109.91,989.19
ORD-00522,2024-02-23,North,Keyboard,Online,6,519.94,3119.64
ORD-00924,2024-02-23,West,Keyboard,Retail,8,419.38,3355.04
ORD-00457,2024-02-24,Central,Keyboard,Retail,9,565.95,5093.55
ORD-00975,2024-02-24,North,Headphones,Online,1,602.61,602.61
ORD-00938,2024-02-24,West,Headphones,Partner,11,301.63,3317.93
ORD-00752,2024-02-24,West,Monitor,Retail,3,668.11,2004.33
ORD-00273,2024-02-25,Central,Keyboard,Online,3,177.52,532.56
ORD-00357,2024-02-25,West,Monitor,Partner,9,518.7,4668.3
ORD-00182,2024-02-25,Central,Phone,Retail,1,754.62,754.62
ORD-01104,2024-02-25,East,Keyboard,Retail,6,269.91,1619.46
ORD-01046,2024-02-26,South,Tablet,Online,10,215.28,2152.8
ORD-00058,2024-02-26,North,Keyboard,Online,8,210.97,1687.76
ORD-00961,2024-02-26,Central,Tablet,Online,2,396.85,793.7
ORD-00536,2024-02-26,North,Keyboard,Online,3,341.02,1023.06
ORD-00884,2024-02-26,North,Laptop,Online,9,499.61,4496.49
ORD-00390,2024-02-26,West,Tablet,Online,7,275.43,1928.01
ORD-00937,2024-02-27,West,Laptop,Online,9,451.0,4059.0
ORD-00847,2024-02-27,Central,Phone,Online,5,653.39,3266.95
ORD-00750,2024-02-27,North,Tablet,Online,1,132.84,132.84
ORD-00533,2024-02-27,North,Headphones,Retail,4,20.0,80.0
ORD-00287,2024-02-28,South,Laptop,Online,9,482.83,4345.47
ORD-00083,2024-02-28,North,Phone,Online,8,521.91,4175.28
ORD-00178,2024-02-29,North,Keyboard,Partner,7,20.0,140.0
ORD-01076,2024-02-29,Central,Tablet,Online,10,330.13,3301.3
ORD-00532,2024-03-01,East,Keyboard,Online,4,234.11,936.44
ORD-00041,2024-03-01,West,Headphones,Partner,6,705.61,4233.66
ORD-00187,2024-03-01,West,Phone,Online,9,370.47,3334.23
ORD-01078,2024-03-01,South,Monitor,Partner,8,435.63,3485.04
ORD-00350,2024-03-01,North,Phone,Online,9,523.1,4707.9
ORD-00623,2024-03-01,Central,Headphones,Online,1,392.12,392.12
ORD-00467,2024-03-01,South,Keyboard,Online,7,431.53,3020.71
ORD-00685,2024-03-02,Central,Laptop,Retail,10,806.62,8066.2
ORD-00168,2024-03-02,North,Headphones,Online,6,255.11,1530.66
ORD-00703,2024-03-02,West,Laptop,Partner,4,805.86,3223.44
ORD-01193,2024-03-03,North,Keyboard,Retail,11,316.74,3484.14
ORD-00262,2024-03-03,West,Monitor,Online,11,624.37,6868.07
ORD-00704,2024-03-03,North,Laptop,Retail,11,341.17,3752.87
ORD-00544,2024-03-04,West,Tablet,Online,3,312.28,936.84
ORD-00908,2024-03-04,South,Monitor,Online,5,221.23,1106.15
ORD-01032,2024-03-04,Central,Phone,Retail,3,391.81,1175.43
ORD-00411,2024-03-04,East,Tablet,Online,1,466.43,466.43
ORD-00230,2024-03-05,North,Laptop,Online,10,633.88,6338.8
ORD-00761,2024-03-05,East,Laptop,Partner,5,293.33,1466.65
ORD-00661,2024-03-05,North,Phone,Retail,8,667.02,5336.16
ORD-01174,2024-03-05,Central,Keyboard,Online,2,365.24,730.48
ORD-00259,2024-03-05,South,Phone,Online,2,383.45,766.9
ORD-00392,2024-03-06,West,Headphones,Online,8,202.85,1622.8
ORD-00251,2024-03-06,North,Headphones,Partner,9,265.1,2385.9
ORD-00469,2024-03-07,North,Headphones,Partner,4,506.05,2024.2
ORD-00635,2024-03-07,North,Phone,Partner,11,596.39,6560.29
ORD-00564,2024-03-07,North,Phone,Retail,11,593.14,6524.54
ORD-01106,2024-03-07,Central,Phone,Retail,5,209.53,1047.65
ORD-00349,2024-03-07,Central,Keyboard,Online,6,208.04,1248.24
ORD-00023,2024-03-07,Central,Phone,Retail,5,631.81,3159.05
ORD-00912,2024-03-08,North,Monitor,Partner,10,374.54,3745.4
ORD-00253,2024-03-09,Central,Laptop,Retail,10,601.91,6019.1
ORD-00072,2024-03-10,East,Laptop,Partner,1,358.04,358.04
ORD-00523,2024-03-11,West,Keyboard,Online,9,352.84,3175.56
ORD-01113,2024-03-11,Central,Keyboard,Partner,5,309.11,1545.55
ORD-00888,2024-03-11,South,Phone,Online,11,438.15,4819.65
ORD-01178,2024-03-11,South,Headphones,Online,1,518.92,518.92
ORD-01115,2024-03-12,North,Laptop,Partner,1,609.15,609.15
ORD-00052,2024-03-12,Central,Laptop,Retail,7,349.25,2444.75
ORD-00543,2024-03-12,West,Laptop,Retail,10,439.42,4394.2
ORD-00398,2024-03-12,North,Keyboard,Online,5,645.41,3227.05
ORD-00993,2024-03-13,Central,Laptop,Partner,3,643.63,1930.89
ORD-00838,2024-03-13,East,Keyboard,Online,1,356.11,356.11
ORD-00009,2024-03-14,West,Monitor,Online,5,334.3,1671.5
ORD-01085,2024-03-14,North,Monitor,Retail,9,469.83,4228.47
ORD-00426,2024-03-14,North,Laptop,Retail,7,707.67,4953.69
ORD-00102,2024-03-14,North,Phone,Retail,4,403.68,1614.72
ORD-00872,2024-03-14,North,Keyboard,Retail,5,338.36,1691.8
ORD-00664,2024-03-15,Central,Headphones,Partner,7,640.76,4485.32
ORD-00653,2024-03-15,North,Keyboard,Retail,3,480.28,1440.84
ORD-00339,2024-03-15,Central,Headphones,Retail,4,443.31,1773.24
ORD-00224,2024-03-15,East,Phone,Partner,9,534.96,4814.64
ORD-00735,2024-03-17,Central,Keyboard,Retail,8,666.08,5328.64
ORD-01072,2024-03-17,East,Headphones,Online,1,416.03,416.03
ORD-00142,2024-03-19,North,Phone,Online,4,445.15,1780.6
ORD-00964,2024-03-20,Central,Phone,Retail,4,610.36,2441.44
ORD-00903,2024-03-21,South,Keyboard,Online,2,152.73,305.46
ORD-00363,2024-03-22,North,Monitor,Online,6,447.83,2686.98
ORD-00976,2024-03-23,North,Headphones,Online,7,326.6,2286.2
ORD-00078,2024-03-24,South,Headphones,Online,9,464.26,4178.34
ORD-00032,2024-03-24,West,Monitor,Retail,8,340.36,2722.88
ORD-00567,2024-03-24,West,Tablet,Online,10,20.0,200.0
ORD-00412,2024-03-25,East,Keyboard,Partner,2,621.83,1243.66
ORD-00326,2024-03-25,North,Monitor,Retail,1,181.06,181.06
ORD-01112,2024-03-26,South,Headphones,Retail,1,321.48,321.48
ORD-00148,2024-03-26,South,Keyboard,Online,4,371.98,1487.92
ORD-00486,2024-03-26,West,Monitor,Online,8,367.49,2939.92
ORD-00626,2024-03-26,Central,Phone,Online,10,391.21,3912.1
ORD-00637,2024-03-27,North,Keyboard,Retail,5,401.28,2006.4
ORD-00719,2024-03-27,West,Keyboard,Online,1,714.55,714.55
ORD-00510,2024-03-27,North,Phone,Retail,7,330.12,2310.84
ORD-00327,2024-03-27,North,Monitor,Retail,4,440.43,1761.72
ORD-00566,2024-03-27,Central,Headphones,Online,8,308.34,2466.72
ORD-00854,2024-03-28,Central,Headphones,Online,8,67.5,540.0
ORD-01047,2024-03-28,North,Headphones,Retail,5,742.9,3714.5
ORD-00097,2024-03-28,West,Phone,Retail,3,304.36,913.08
ORD-00593,2024-03-28,Central,Headphones,Online,9,578.92,5210.28
ORD-00189,2024-03-28,West,Keyboard,Online,3,294.17,882.51
ORD-00384,2024-03-29,South,Headphones,Online,4,260.92,1043.68
ORD-00832,2024-03-29,East,Laptop,Online,7,329.71,2307.97
ORD-01107,2024-03-30,North,Tablet,Online,6,518.36,3110.16
ORD-00119,2024-03-30,East,Headphones,Online,6,1038.78,6232.68
ORD-00315,2024-03-30,Central,Headphones,Partner,4,516.07,2064.28
ORD-01124,2024-03-30,East,Laptop,Online,4,400.44,1601.76
ORD-00857,2024-03-30,North,Monitor,Online,7,330.6,2314.2
ORD-00508,2024-03-31,South,Keyboard,Online,5,808.38,4041.9
ORD-00989,2024-03-31,North,Monitor,Online,2,208.76,417.52
ORD-00925,2024-03-31,West,Headphones,Retail,9,598.45,5386.05
ORD-01013,2024-03-31,West,Headphones,Online,11,594.6,6540.6
ORD-00831,2024-03-31,Central,Keyboard,Online,3,380.55,1141.65
ORD-00617,2024-04-01,North,Tablet,Partner,6,20.0,120.0
ORD-00483,2024-04-01,Central,Headphones,Online,10,541.06,5410.6
ORD-00568,2024-04-01,East,Phone,Online,6,369.7,2218.2
ORD-00696,2024-04-02,South,Keyboard,Online,2,373.3,746.6
ORD-00346,2024-04-03,North,Headphones,Retail,8,451.21,3609.68
ORD-00919,2024-04-03,North,Headphones,Online,5,377.89,1889.45
ORD-01179,2024-04-04,North,Laptop,Retail,11,270.93,2980.23
ORD-00933,2024-04-04,East,Headphones,Online,8,578.35,4626.8
ORD-00211,2024-04-05,North,Phone,Partner,1,444.84,444.84
ORD-00209,2024-04-06,East,Monitor,Retail,6,457.82,2746.92
ORD-00380,2024-04-06,North,Laptop,Online,8,491.29,3930.32
ORD-00292,2024-04-07,Central,Keyboard,Online,8,495.05,3960.4
ORD-00618,2024-04-07,East,Tablet,Online,7,286.83,2007.81
ORD-00206,2024-04-07,North,Keyboard,Online,7,21.95,153.65
ORD-00509,2024-04-08,Central,Monitor,Partner,5,373.92,1869.6
ORD-01123,2024-04-08,West,Keyboard,Online,8,458.81,3670.48
ORD-01011,2024-04-08,North,Laptop,Retail,8,746.37,5970.96
ORD-00744,2024-04-09,East,Phone,Online,2,563.51,1127.02
ORD-00216,2024-04-09,Central,Laptop,Online,8,994.28,7954.24
ORD-00779,2024-04-09,East,Laptop,Online,6,336.9,2021.4
ORD-00890,2024-04-09,South,Tablet,Online,6,328.09,1968.54
ORD-00281,2024-04-10,South,Keyboard,Retail,8,580.01,4640.08
ORD-00505,2024-04-10,North,Laptop,Online,11,244.77,2692.47
ORD-00143,2024-04-11,Central,Keyboard,Online,10,488.76,4887.6
ORD-00039,2024-04-11,West,Laptop,Online,4,501.32,2005.28
ORD-01192,2024-04-11,North,Keyboard,Online,6,713.13,4278.78
ORD-00111,2024-04-11,Central,Tablet,Online,10,428.38,4283.8
ORD-00950,2024-04-11,North,Keyboard,Online,1,318.47,318.47
ORD-00152,2024-04-12,North,Headphones,Online,10,626.59,6265.9
ORD-00314,2024-04-12,Central,Monitor,Online,3,506.05,1518.15
ORD-01028,2024-04-12,North,Phone,Partner,6,452.15,2712.9
ORD-00399,2024-04-12,Central,Headphones,Retail,1,214.62,214.62
ORD-00413,2024-04-12,South,Headphones,Retail,5,595.64,2978.2
ORD-00573,2024-04-13,North,Monitor,Online,7,518.77,3631.39
ORD-00814,2024-04-13,Central,Headphones,Retail,6,440.76,2644.56
ORD-00534,2024-04-14,West,Monitor,Partner,7,262.1,1834.7
ORD-00299,2024-04-14,North,Phone,Online,7,326.59,2286.13
ORD-00450,2024-04-14,North,Tablet,Online,8,514.5,4116.0
ORD-00096,2024-04-15,East,Monitor,Online,5,507.29,2536.45
ORD-00481,2024-04-15,North,Keyboard,Online,4,396.86,1587.44
ORD-00855,2024-04-15,North,Monitor,Online,8,559.6,4476.8
ORD-00841,2024-04-15,North,Phone,Partner,10,420.98,4209.8
ORD-00660,2024-04-15,Central,Laptop,Online,11,739.15,8130.65
ORD-01114,2024-04-16,Central,Tablet,Partner,10,665.37,6653.7
ORD-00342,2024-04-16,West,Phone,Retail,11,256.01,2816.11
ORD-00495,2024-04-16,East,Keyboard,Partner,8,662.49,5299.92
ORD-00154,2024-04-17,South,Phone,Partner,4,651.16,2604.64
ORD-00271,2024-04-17,West,Laptop,Retail,9,607.62,5468.58
ORD-00419,2024-04-18,North,Phone,Online,3,425.18,1275.54
ORD-00638,2024-04-18,South,Laptop,Online,8,429.85,3438.8
ORD-00796,2024-04-18,North,Monitor,Online,5,369.78,1848.9
ORD-00353,2024-04-19,North,Headphones,Retail,6,338.07,2028.42
ORD-00971,2024-04-19,South,Headphones,Partner,10,672.99,6729.9
ORD-00263,2024-04-19,West,Phone,Online,3,530.7,1592.1
ORD-00442,2024-04-20,East,Monitor,Online,9,453.82,4084.38
ORD-00307,2024-04-20,South,Headphones,Partner,2,707.1,1414.2
ORD-00802,2024-04-20,North,Laptop,Partner,8,673.31,5386.48
ORD-00928,2024-04-20,South,Laptop,Retail,7,597.71,4183.97
ORD-00190,2024-04-20,East,Phone,Online,9,680.64,6125.76
ORD-00136,2024-04-21,East,Phone,Retail,2,565.34,1130.68
ORD-00226,2024-04-21,North,Keyboard,Online,11,131.18,1442.98
ORD-00952,2024-04-21,South,Laptop,Online,5,446.79,2233.95
ORD-01155,2024-04-21,North,Phone,Online,7,182.26,1275.82
ORD-01105,2024-04-22,South,Headphones,Retail,4,379.1,1516.4
ORD-01186,2024-04-22,West,Tablet,Retail,7,768.74,5381.18
ORD-00239,2024-04-22,South,Keyboard,Retail,7,435.4,3047.8
ORD-00400,2024-04-23,North,Monitor,Retail,4,593.45,2373.8
ORD-01060,2024-04-23,North,Tablet,Retail,10,481.82,4818.2
ORD-00333,2024-04-23,South,Headphones,Retail,10,373.88,3738.8
ORD-00526,2024-04-23,East,Monitor,Retail,8,264.0,2112.0
ORD-00088,2024-04-24,Central,Keyboard,Retail,2,597.95,1195.9
ORD-01034,2024-04-24,East,Phone,Online,7,533.04,3731.28
ORD-00749,2024-04-24,South,Headphones,Partner,7,816.68,5716.76
ORD-00447,2024-04-24,North,Tablet,Online,7,629.09,4403.63
ORD-00748,2024-04-25,South,Laptop,Retail,3,413.79,1241.37
ORD-01177,2024-04-25,West,Tablet,Retail,2,175.35,350.7
ORD-00799,2024-04-25,East,Laptop,Online,2,454.64,909.28
ORD-00368,2024-04-25,North,Phone,Retail,3,314.96,944.88
ORD-00988,2024-04-25,East,Phone,Partner,3,536.36,1609.08
ORD-01014,2024-04-25,South,Monitor,Online,8,414.03,3312.24
ORD-00309,2024-04-25,North,Phone,Online,7,584.36,4090.52
ORD-00338,2024-04-26,North,Tablet,Online,8,61.52,492.16
ORD-00525,2024-04-26,South,Headphones,Online,10,324.31,3243.1
ORD-00968,2024-04-26,North,Headphones,Retail,4,441.21,1764.84
ORD-00554,2024-04-26,North,Keyboard,Partner,1,462.69,462.69
ORD-00403,2024-04-27,North,Laptop,Online,4,584.92,2339.68
ORD-00321,2024-04-27,North,Keyboard,Online,2,269.3,538.6
ORD-00167,2024-04-27,North,Headphones,Online,9,221.18,1990.62
ORD-00595,2024-04-27,Central,Monitor,Retail,1,644.24,644.24
ORD-00607,2024-04-28,East,Keyboard,Retail,3,526.76,1580.28
ORD-00632,2024-04-29,East,Keyboard,Online,4,449.34,1797.36
ORD-00066,2024-04-29,West,Tablet,Retail,7,540.66,3784.62
ORD-00646,2024-04-30,North,Phone,Partner,4,135.27,541.08
ORD-00254,2024-04-30,Central,Tablet,Retail,11,384.73,4232.03
ORD-00077,2024-04-30,Central,Tablet,Online,3,666.81,2000.43
ORD-01095,2024-04-30,East,Headphones,Online,2,342.0,684.0
ORD-00294,2024-05-01,North,Phone,Partner,3,366.41,1099.23
ORD-01145,2024-05-01,West,Headphones,Online,4,508.48,2033.92
ORD-00738,2024-05-02,East,Phone,Online,5,269.5,1347.5
ORD-01069,2024-05-02,North,Headphones,Online,2,372.25,744.5
ORD-00371,2024-05-02,North,Tablet,Online,8,327.9,2623.2
ORD-01030,2024-05-02,South,Tablet,Retail,9,203.92,1835.28
ORD-00487,2024-05-02,West,Phone,Online,1,602.73,602.73
ORD-00169,2024-05-02,North,Headphones,Retail,1,521.03,521.03
ORD-01142,2024-05-03,North,Tablet,Online,11,475.3,5228.3
ORD-00627,2024-05-03,South,Tablet,Online,4,421.91,1687.64
ORD-01160,2024-05-04,Central,Headphones,Online,10,545.69,5456.9
ORD-01176,2024-05-04,East,Laptop,Online,2,805.56,1611.12
ORD-00199,2024-05-04,West,Laptop,Partner,1,319.98,319.98
ORD-00197,2024-05-05,North,Headphones,Online,6,370.19,2221.14
ORD-00991,2024-05-05,North,Headphones,Online,3,541.66,1624.98
ORD-00268,2024-05-06,West,Headphones,Online,7,343.82,2406.74
ORD-00139,2024-05-07,South,Headphones,Online,2,261.25,522.5
ORD-00979,2024-05-08,Central,Phone,Online,8,467.95,3743.6
ORD-00044,2024-05-09,North,Tablet,Online,4,809.0,3236.0
ORD-00521,2024-05-10,East,Headphones,Partner,1,781.11,781.11
ORD-00194,2024-05-12,North,Monitor,Online,4,331.29,1325.16
ORD-00998,2024-05-12,North,Laptop,Online,8,739.12,5912.96
ORD-00765,2024-05-12,South,Monitor,Retail,1,837.62,837.62
ORD-00746,2024-05-13,East,Monitor,Retail,6,454.42,2726.52
ORD-00053,2024-05-13,East,Tablet,Retail,9,515.02,4635.18
ORD-00301,2024-05-13,South,Monitor,Retail,10,435.18,4351.8
ORD-01052,2024-05-13,North,Keyboard,Retail,2,292.39,584.78
ORD-00393,2024-05-14,West,Laptop,Retail,6,363.86,2183.16
ORD-00201,2024-05-14,West,Keyboard,Online,9,451.84,4066.56
ORD-00063,2024-05-14,North,Keyboard,Online,9,245.23,2207.07
ORD-00630,2024-05-14,North,Laptop,Online,5,46.67,233.35
ORD-01138,2024-05-14,North,Tablet,Retail,6,324.22,1945.32
ORD-00628,2024-05-14,South,Monitor,Partner,5,397.48,1987.4
ORD-00332,2024-05-15,South,Laptop,Online,9,602.62,5423.58
ORD-00909,2024-05-15,North,Phone,Retail,8,195.92,1567.36
ORD-00022,2024-05-15,South,Phone,Online,8,434.12,3472.96
ORD-01151,2024-05-15,East,Laptop,Partner,2,591.33,1182.66
ORD-00068,2024-05-15,Central,Phone,Retail,5,559.27,2796.35
ORD-00374,2024-05-16,Central,Phone,Online,11,357.01,3927.11
ORD-00576,2024-05-16,West,Tablet,Retail,10,252.83,2528.3
ORD-01044,2024-05-16,North,Laptop,Online,9,313.09,2817.81
ORD-00498,2024-05-16,West,Laptop,Online,3,457.95,1373.85
ORD-00770,2024-05-17,North,Monitor,Retail,5,234.18,1170.9
ORD-00913,2024-05-17,East,Laptop,Online,3,281.89,845.67
ORD-00634,2024-05-18,East,Phone,Online,6,611.97,3671.82
ORD-00379,2024-05-19,East,Monitor,Online,7,527.59,3693.13
ORD-00188,2024-05-19,North,Laptop,Online,6,166.71,1000.26
ORD-00758,2024-05-20,South,Phone,Online,6,557.15,3342.9
ORD-01159,2024-05-20,Central,Tablet,Retail,8,539.48,4315.84
ORD-00614,2024-05-20,South,Headphones,Retail,9,385.56,3470.04
ORD-01017,2024-05-20,North,Phone,Retail,7,480.82,3365.74
ORD-01066,2024-05-21,Central,Headphones,Retail,5,851.72,4258.6
ORD-00094,2024-05-21,North,Phone,Partner,4,154.91,619.64
ORD-01094,2024-05-23,West,Keyboard,Retail,1,239.08,239.08
ORD-01173,2024-05-23,East,Phone,Online,8,472.2,3777.6
ORD-00809,2024-05-23,Central,Phone,Online,4,514.24,2056.96
ORD-00552,2024-05-24,Central,Monitor,Retail,5,434.91,2174.55
ORD-01168,2024-05-25,North,Laptop,Online,6,649.5,3897.0
ORD-00440,2024-05-25,North,Tablet,Online,10,275.98,2759.8
ORD-00957,2024-05-26,Central,Laptop,Retail,1,261.28,261.28
ORD-00942,2024-05-27,North,Monitor,Retail,5,697.03,3485.15
ORD-00585,2024-05-27,North,Laptop,Online,6,414.9,2489.4
ORD-00027,2024-05-27,West,Headphones,Online,1,633.09,633.09
ORD-00164,2024-05-28,North,Monitor,Online,2,511.68,1023.36
ORD-01131,2024-05-28,Central,Keyboard,Online,1,337.31,337.31
ORD-00687,2024-05-28,South,Headphones,Online,4,139.39,557.56
ORD-00144,2024-05-29,North,Tablet,Online,7,540.15,3781.05
ORD-00163,2024-05-29,North,Monitor,Retail,1,306.12,306.12
ORD-00962,2024-05-29,East,Tablet,Online,5,514.46,2572.3
ORD-00907,2024-05-30,West,Phone,Online,6,590.57,3543.42
ORD-00960,2024-05-30,Central,Monitor,Retail,5,410.72,2053.6
ORD-00373,2024-05-30,North,Laptop,Partner,3,496.39,1489.17
ORD-00065,2024-05-30,North,Monitor,Online,6,433.06,2598.36
ORD-01043,2024-05-31,South,Keyboard,Online,7,735.35,5147.45
ORD-00496,2024-05-31,South,Monitor,Online,8,790.28,6322.24
ORD-00165,2024-06-01,Central,Tablet,Retail,11,658.43,7242.73
ORD-00624,2024-06-01,East,Monitor,Retail,6,259.62,1557.72
ORD-00425,2024-06-01,East,Tablet,Partner,10,323.25,3232.5
ORD-01079,2024-06-01,Central,Monitor,Partner,2,439.14,878.28
ORD-00248,2024-06-01,East,Tablet,Retail,5,243.38,1216.9
ORD-01191,2024-06-01,West,Phone,Retail,11,468.44,5152.84
ORD-00572,2024-06-01,West,Phone,Retail,1,687.76,687.76
ORD-00972,2024-06-02,East,Laptop,Online,11,457.03,5027.33
ORD-00464,2024-06-02,East,Monitor,Online,7,482.2,3375.4
ORD-00275,2024-06-02,West,Monitor,Retail,6,364.96,2189.76
ORD-00929,2024-06-02,North,Tablet,Online,3,675.37,2026.11
ORD-00732,2024-06-02,South,Phone,Partner,1,317.85,317.85
ORD-01185,2024-06-02,North,Keyboard,Partner,11,616.91,6786.01
ORD-00777,2024-06-04,East,Phone,Partner,1,352.56,352.56
ORD-01059,2024-06-04,South,Tablet,Online,6,740.93,4445.58
ORD-00500,2024-06-04,North,Tablet,Online,4,550.33,2201.32
ORD-00954,2024-06-05,South,Monitor,Online,8,379.84,3038.72
ORD-00547,2024-06-06,West,Tablet,Online,9,279.97,2519.73
ORD-00994,2024-06-06,South,Headphones,Online,7,866.13,6062.91
ORD-00795,2024-06-06,West,Monitor,Retail,10,505.47,5054.7
ORD-01153,2024-06-06,Central,Headphones,Online,4,537.69,2150.76
ORD-00633,2024-06-07,North,Monitor,Online,5,309.39,1546.95
ORD-00238,2024-06-07,Central,Monitor,Online,11,651.92,7171.12
ORD-00621,2024-06-07,North,Laptop,Online,2,494.48,988.96
ORD-00155,2024-06-07,East,Laptop,Online,11,722.0,7942.0
ORD-00435,2024-06-07,South,Tablet,Retail,1,250.82,250.82
ORD-00407,2024-06-07,Central,Phone,Online,6,402.77,2416.62
ORD-00473,2024-06-07,South,Keyboard,Online,8,288.36,2306.88
ORD-00005,2024-06-07,Central,Keyboard,Retail,1,714.38,714.38
ORD-01100,2024-06-07,West,Laptop,Partner,5,236.12,1180.6
ORD-00091,2024-06-08,North,Tablet,Partner,8,679.96,5439.68
ORD-00082,2024-06-08,North,Laptop,Online,4,519.18,2076.72
ORD-01039,2024-06-08,North,Monitor,Online,6,362.75,2176.5
ORD-00140,2024-06-08,South,Headphones,Online,7,314.63,2202.41
ORD-00354,2024-06-08,North,Tablet,Online,8,401.8,3214.4
ORD-00121,2024-06-09,East,Monitor,Online,3,325.92,977.76
ORD-00756,2024-06-09,North,Headphones,Online,2,409.81,819.62
ORD-00004,2024-06-09,West,Monitor,Partner,2,679.76,1359.52
ORD-00298,2024-06-09,North,Laptop,Online,4,366.19,1464.76
ORD-00800,2024-06-10,South,Monitor,Partner,2,482.93,965.86
ORD-00285,2024-06-10,North,Laptop,Online,1,156.78,156.78
ORD-00030,2024-06-11,West,Headphones,Retail,7,437.16,48167.55
ORD-00689,2024-06-11,South,Headphones,Online,10,581.95,5819.5
ORD-00935,2024-06-11,North,Laptop,Online,9,152.75,1374.75
ORD-00267,2024-06-12,Central,Monitor,Partner,8,170.15,1361.2
ORD-00186,2024-06-12,South,Monitor,Online,2,524.49,1048.98
ORD-00869,2024-06-12,West,Keyboard,Partner,9,628.03,5652.27
ORD-00219,2024-06-12,East,Monitor,Retail,10,180.78,1807.8
ORD-00923,2024-06-12,Central,Monitor,Retail,9,428.26,3854.34
ORD-00047,2024-06-12,North,Monitor,Online,2,378.73,757.46
ORD-01092,2024-06-13,Central,Laptop,Online,3,618.65,1855.95
ORD-01184,2024-06-13,North,Headphones,Retail,8,312.19,2497.52
ORD-00020,2024-06-13,North,Laptop,Partner,3,514.21,1542.63
ORD-00214,2024-06-13,East,Tablet,Retail,4,352.43,1409.72
ORD-00883,2024-06-13,East,Keyboard,Online,6,520.19,3121.14
ORD-01057,2024-06-13,North,Laptop,Partner,7,440.42,3082.94
ORD-00031,2024-06-13,Central,Tablet,Retail,7,260.5,1823.5
ORD-00833,2024-06-14,North,Keyboard,Online,8,496.22,3969.76
ORD-00871,2024-06-15,Central,Tablet,Partner,1,369.65,369.65
ORD-00222,2024-06-15,East,Laptop,Partner,10,370.35,3703.5
ORD-00792,2024-06-15,West,Headphones,Online,1,433.75,433.75
ORD-00537,2024-06-15,South,Keyboard,Online,2,723.51,1447.02
ORD-00506,2024-06-15,West,Tablet,Retail,5,372.22,1861.1
ORD-00905,2024-06-16,West,Laptop,Retail,2,303.25,606.5
ORD-00114,2024-06-16,Central,Phone,Online,2,535.93,1071.86
ORD-00916,2024-06-16,North,Headphones,Online,11,609.01,6699.11
ORD-00798,2024-06-16,Central,Phone,Online,4,462.71,1850.84
ORD-00205,2024-06-16,North,Laptop,Online,5,510.52,2552.6
ORD-00335,2024-06-17,West,Phone,Online,3,198.42,595.26
ORD-00939,2024-06-17,West,Keyboard,Online,10,517.69,5176.9
ORD-00647,2024-06-17,East,Phone,Online,3,605.95,1817.85
ORD-00485,2024-06-18,Central,Monitor,Online,6,142.81,856.86
ORD-00073,2024-06-18,Central,Monitor,Retail,7,523.79,3666.53
ORD-00231,2024-06-18,East,Keyboard,Online,10,553.92,5539.2
ORD-00612,2024-06-18,West,Headphones,Partner,8,744.56,5956.48
ORD-00176,2024-06-18,Central,Phone,Retail,11,277.48,3052.28
ORD-00710,2024-06-19,Central,Monitor,Partner,1,442.84,442.84
ORD-01075,2024-06-19,West,Headphones,Retail,1,136.66,136.66
ORD-00054,2024-06-19,North,Monitor,Retail,10,690.88,6908.8
ORD-00277,2024-06-19,South,Headphones,Online,11,800.06,8800.66
ORD-00367,2024-06-20,Central,Headphones,Online,5,503.63,2518.15
ORD-00070,2024-06-20,South,Phone,Online,7,315.68,2209.76
ORD-00474,2024-06-20,Central,Keyboard,Online,8,20.0,160.0
ORD-01102,2024-06-20,Central,Laptop,Retail,3,407.71,1223.13
ORD-00109,2024-06-21,South,Tablet,Online,9,549.7,4947.3
ORD-00124,2024-06-21,Central,Keyboard,Retail,10,801.03,8010.3
ORD-00944,2024-06-22,North,Monitor,Online,8,261.13,2089.04
ORD-00974,2024-06-22,West,Keyboard,Online,6,462.59,2775.54
ORD-00290,2024-06-22,East,Headphones,Online,1,283.83,283.83
ORD-00622,2024-06-23,North,Monitor,Retail,6,653.31,3919.86
ORD-00076,2024-06-23,South,Tablet,Online,3,308.58,925.74
ORD-00973,2024-06-23,East,Tablet,Partner,4,524.78,77757.9
ORD-00709,2024-06-23,North,Headphones,Online,2,446.86,893.72
ORD-00519,2024-06-23,North,Phone,Online,5,462.14,2310.7
ORD-00768,2024-06-24,North,Laptop,Online,3,482.46,1447.38
ORD-01101,2024-06-24,Central,Keyboard,Online,11,152.79,1680.69
ORD-00785,2024-06-24,Central,Tablet,Online,8,419.07,3352.56
ORD-00644,2024-06-25,North,Laptop,Online,10,228.55,2285.5
ORD-01146,2024-06-25,East,Phone,Online,11,292.33,3215.63
ORD-00276,2024-06-25,Central,Monitor,Online,8,211.61,1692.88
ORD-00444,2024-06-27,East,Laptop,Online,7,673.71,4715.97
ORD-00729,2024-06-27,North,Laptop,Retail,11,254.25,2796.75
ORD-00282,2024-06-27,East,Phone,Partner,3,381.52,1144.56
ORD-01031,2024-06-27,South,Laptop,Retail,4,352.89,1411.56
ORD-01116,2024-06-28,West,Monitor,Retail,1,558.28,558.28
ORD-00651,2024-06-28,North,Tablet,Partner,4,771.29,3085.16
ORD-00284,2024-06-28,South,Tablet,Retail,3,559.98,1679.94
ORD-01018,2024-06-29,East,Monitor,Retail,11,193.93,2133.23
ORD-00718,2024-06-29,North,Tablet,Retail,2,328.98,657.96
ORD-00563,2024-06-29,West,Monitor,Online,6,684.78,4108.68
ORD-01120,2024-06-29,West,Laptop,Retail,3,520.57,1561.71
ORD-00235,2024-06-29,West,Laptop,Online,5,455.23,2276.15
ORD-00252,2024-06-29,North,Laptop,Online,9,314.87,2833.83
ORD-00203,2024-06-30,Central,Headphones,Online,1,496.73,496.73
ORD-00185,2024-06-30,Central,Keyboard,Online,7,426.53,2985.71
ORD-00405,2024-07-01,East,Headphones,Online,1,284.93,284.93
ORD-01162,2024-07-01,North,Keyboard,Online,8,431.1,3448.8
ORD-00055,2024-07-01,Central,Headphones,Retail,3,639.44,1918.32
ORD-00183,2024-07-01,South,Laptop,Online,3,321.46,964.38
ORD-00453,2024-07-01,North,Headphones,Retail,4,514.75,2059.0
ORD-01053,2024-07-02,North,Phone,Online,1,333.49,333.49
ORD-00406,2024-07-02,South,Keyboard,Online,4,558.99,2235.96
ORD-00021,2024-07-02,West,Keyboard,Online,4,584.43,2337.72
ORD-00180,2024-07-02,Central,Tablet,Partner,5,366.53,1832.65
ORD-00629,2024-07-03,Central,Tablet,Retail,7,853.53,5974.71
ORD-00667,2024-07-03,North,Tablet,Online,8,486.0,3888.0
ORD-00876,2024-07-03,East,Phone,Retail,10,321.77,3217.7
ORD-01152,2024-07-03,North,Laptop,Retail,7,223.98,1567.86
ORD-00556,2024-07-03,North,Phone,Online,11,279.91,3079.01
ORD-01008,2024-07-03,North,Tablet,Online,4,407.71,1630.84
ORD-01091,2024-07-03,West,Laptop,Retail,5,704.27,3521.35
ORD-00159,2024-07-03,North,Laptop,Online,10,365.98,3659.8
ORD-00420,2024-07-04,South,Headphones,Partner,9,463.49,4171.41
ORD-00115,2024-07-04,West,Headphones,Online,10,759.44,7594.4
ORD-01051,2024-07-05,North,Tablet,Retail,7,569.07,3983.49
ORD-00897,2024-07-05,Central,Phone,Retail,4,403.57,1614.28
ORD-00445,2024-07-05,North,Tablet,Online,2,474.6,949.2
ORD-00940,2024-07-05,South,Keyboard,Online,2,124.52,249.04
ORD-00017,2024-07-06,West,Laptop,Online,7,333.79,2336.53
ORD-01000,2024-07-06,North,Headphones,Retail,10,425.6,4256.0
ORD-00608,2024-07-07,South,Keyboard,Online,6,349.04,2094.24
ORD-00344,2024-07-07,South,Keyboard,Retail,11,453.48,4988.28
ORD-00549,2024-07-07,South,Keyboard,Partner,7,526.83,3687.81
ORD-00803,2024-07-07,Central,Tablet,Partner,3,591.31,1773.93
ORD-00717,2024-07-08,East,Keyboard,Online,8,365.22,2921.76
ORD-01165,2024-07-08,North,Tablet,Partner,10,583.32,5833.2
ORD-00366,2024-07-08,South,Keyboard,Partner,11,302.94,3332.34
ORD-01015,2024-07-09,West,Monitor,Online,1,322.6,322.6
ORD-00296,2024-07-09,Central,Keyboard,Online,10,222.01,2220.1
ORD-00701,2024-07-09,North,Phone,Partner,2,366.85,733.7
ORD-01010,2024-07-09,South,Tablet,Online,10,593.16,5931.6
ORD-00449,2024-07-09,Central,Tablet,Retail,7,326.08,2282.56
ORD-00679,2024-07-10,Central,Headphones,Retail,9,296.96,2672.64
ORD-00893,2024-07-10,East,Headphones,Retail,8,388.21,3105.68
ORD-00712,2024-07-10,Central,Keyboard,Online,7,25.65,179.55
ORD-00578,2024-07-10,South,Headphones,Retail,11,468.16,5149.76
ORD-01074,2024-07-11,North,Keyboard,Online,6,700.83,4204.98
ORD-00011,2024-07-11,East,Monitor,Retail,9,304.45,2740.05
ORD-00997,2024-07-11,North,Keyboard,Online,4,292.0,1168.0
ORD-01195,2024-07-11,Central,Tablet,Online,2,561.52,1123.04
ORD-00995,2024-07-12,West,Monitor,Retail,2,279.53,559.06
ORD-00656,2024-07-13,Central,Phone,Online,10,351.66,3516.6
ORD-00507,2024-07-13,North,Laptop,Partner,10,467.57,4675.7
ORD-01147,2024-07-13,West,Headphones,Online,3,432.53,1297.59
ORD-00488,2024-07-13,West,Keyboard,Partner,7,728.26,5097.82
ORD-01164,2024-07-13,North,Phone,Online,2,89.39,178.78
ORD-00747,2024-07-13,South,Laptop,Retail,8,392.16,3137.28
ORD-00648,2024-07-14,North,Phone,Retail,11,495.06,5445.66
ORD-00351,2024-07-14,East,Tablet,Online,4,556.17,2224.68
ORD-00561,2024-07-15,North,Tablet,Retail,4,903.73,3614.92
ORD-00931,2024-07-15,North,Laptop,Partner,2,632.5,1265.0
ORD-00606,2024-07-15,North,Headphones,Retail,8,549.31,4394.48
ORD-00539,2024-07-16,North,Keyboard,Online,8,608.57,4868.56
ORD-01140,2024-07-16,West,Monitor,Online,6,598.0,3588.0
ORD-00877,2024-07-16,South,Keyboard,Online,6,555.58,3333.48
ORD-00917,2024-07-17,North,Tablet,Retail,2,310.18,620.36
ORD-00289,2024-07-17,North,Laptop,Online,1,256.42,256.42
ORD-00927,2024-07-17,South,Laptop,Online,5,659.14,3295.7
ORD-00305,2024-07-17,Central,Keyboard,Retail,9,440.01,3960.09
ORD-00807,2024-07-18,Central,Phone,Online,5,310.43,1552.15
ORD-00295,2024-07-18,West,Monitor,Partner,10,267.47,2674.7
ORD-00029,2024-07-18,East,Keyboard,Retail,11,512.96,5642.56
ORD-00789,2024-07-18,Central,Tablet,Online,1,251.62,251.62
ORD-00331,2024-07-19,North,Headphones,Online,5,793.43,3967.15
ORD-00057,2024-07-19,Central,Monitor,Retail,11,210.3,2313.3
ORD-00229,2024-07-19,Central,Headphones,Online,10,725.14,7251.4
ORD-00879,2024-07-19,South,Keyboard,Online,1,141.92,141.92
ORD-00983,2024-07-19,South,Laptop,Partner,9,274.35,2469.15
ORD-00992,2024-07-19,North,Laptop,Retail,4,404.5,1618.0
ORD-00132,2024-07-21,North,Keyboard,Retail,5,557.93,2789.65
ORD-00655,2024-07-21,North,Tablet,Retail,9,272.34,2451.06
ORD-00762,2024-07-21,South,Headphones,Partner,1,465.57,465.57
ORD-00308,2024-07-21,North,Keyboard,Online,9,425.67,3831.03
ORD-00034,2024-07-21,South,Headphones,Online,5,486.3,2431.5
ORD-01084,2024-07-22,North,Laptop,Retail,6,449.72,2698.32
ORD-00755,2024-07-22,Central,Tablet,Online,8,354.77,2838.16
ORD-00456,2024-07-22,East,Tablet,Partner,4,223.74,894.96
ORD-01129,2024-07-22,North,Laptop,Retail,2,352.52,705.04
ORD-00113,2024-07-22,West,Headphones,Online,6,667.71,4006.26
ORD-00330,2024-07-22,West,Headphones,Partner,1,518.03,518.03
ORD-00158,2024-07-22,Central,Monitor,Online,4,651.44,2605.76
ORD-00134,2024-07-23,South,Keyboard,Online,3,490.7,1472.1
ORD-01003,2024-07-23,East,Phone,Online,7,610.2,4271.4
ORD-00706,2024-07-25,Central,Headphones,Retail,11,438.16,4819.76
ORD-00079,2024-07-25,North,Monitor,Online,6,194.94,1169.64
ORD-01029,2024-07-25,North,Headphones,Partner,4,452.35,1809.4
ORD-00131,2024-07-25,North,Headphones,Retail,3,671.28,2013.84
ORD-00126,2024-07-25,North,Keyboard,Online,10,612.89,6128.9
ORD-01189,2024-07-26,Central,Phone,Retail,10,511.01,5110.1
ORD-00437,2024-07-26,North,Headphones,Retail,2,640.41,1280.82
ORD-00980,2024-07-26,Central,Phone,Partner,2,410.25,820.5
ORD-00116,2024-07-27,North,Phone,Retail,5,380.44,1902.2
ORD-00288,2024-07-28,North,Phone,Retail,6,680.57,4083.42
ORD-00978,2024-07-28,West,Phone,Partner,1,335.06,335.06
ORD-00708,2024-07-28,East,Headphones,Retail,8,380.4,3043.2
ORD-00570,2024-07-28,North,Headphones,Online,11,477.27,5249.97
ORD-00922,2024-07-28,East,Headphones,Online,11,20.0,220.0
ORD-00129,2024-07-29,South,Tablet,Retail,5,277.02,1385.1
ORD-00535,2024-07-30,Central,Keyboard,Retail,1,365.07,365.07
ORD-00930,2024-07-30,North,Monitor,Online,2,440.51,881.02
ORD-00228,2024-07-30,North,Monitor,Online,9,235.46,2119.14
ORD-00597,2024-07-31,North,Monitor,Retail,10,592.71,5927.1
ORD-00266,2024-07-31,Central,Headphones,Retail,7,582.51,4077.57
ORD-00424,2024-07-31,East,Phone,Partner,2,483.97,967.94
ORD-00677,2024-07-31,North,Laptop,Online,5,387.29,1936.45
ORD-01161,2024-08-01,North,Keyboard,Retail,3,272.76,818.28
ORD-00242,2024-08-01,West,Tablet,Retail,8,514.52,4116.16
ORD-00985,2024-08-02,East,Monitor,Online,7,191.48,1340.36
ORD-01156,2024-08-02,East,Monitor,Retail,11,493.05,5423.55
ORD-01118,2024-08-02,East,Keyboard,Online,5,94.09,470.45
ORD-00966,2024-08-03,South,Tablet,Online,9,669.59,6026.31
ORD-00981,2024-08-03,Central,Phone,Online,6,577.85,3467.1
ORD-00260,2024-08-03,East,Tablet,Online,9,342.65,3083.85
ORD-00698,2024-08-03,North,Headphones,Online,10,547.68,5476.8
ORD-00786,2024-08-03,North,Headphones,Online,1,662.28,662.28
ORD-00548,2024-08-04,West,Keyboard,Retail,2,628.54,1257.08
ORD-00915,2024-08-04,Central,Keyboard,Online,4,235.7,942.8
ORD-00270,2024-08-04,North,Headphones,Online,2,768.87,1537.74
ORD-00520,2024-08-05,Central,Laptop,Retail,1,602.3,602.3
ORD-00688,2024-08-05,North,Headphones,Online,7,20.0,140.0
ORD-00468,2024-08-06,East,Tablet,Retail,6,745.59,4473.54
ORD-00665,2024-08-06,East,Monitor,Online,3,180.34,541.02
ORD-00455,2024-08-06,North,Laptop,Retail,2,592.47,1184.94
ORD-00720,2024-08-07,Central,Laptop,Online,5,344.55,1722.75
ORD-00531,2024-08-07,Central,Laptop,Retail,7,506.38,73199.47
ORD-01048,2024-08-07,West,Laptop,Retail,5,435.0,2175.0
ORD-00394,2024-08-07,North,Phone,Partner,8,62.57,500.56
ORD-01188,2024-08-07,East,Laptop,Online,10,288.46,2884.6
ORD-00494,2024-08-08,North,Tablet,Retail,9,509.46,4585.14
ORD-00137,2024-08-08,North,Tablet,Retail,11,455.6,5011.6
ORD-00967,2024-08-08,North,Headphones,Retail,2,363.93,727.86
ORD-00850,2024-08-09,North,Keyboard,Online,9,122.05,1098.45
ORD-00490,2024-08-09,South,Keyboard,Online,11,397.31,4370.41
ORD-00625,2024-08-09,North,Headphones,Online,9,508.47,4576.23
ORD-00193,2024-08-10,North,Phone,Retail,4,402.94,1611.76
ORD-01181,2024-08-10,North,Keyboard,Retail,3,503.72,1511.16
ORD-00956,2024-08-11,West,Phone,Online,7,456.19,3193.33
ORD-00896,2024-08-11,East,Monitor,Partner,3,289.31,867.93
ORD-00323,2024-08-12,East,Tablet,Online,6,480.72,2884.32
ORD-01135,2024-08-12,Central,Headphones,Retail,11,317.47,3492.17
ORD-00672,2024-08-12,South,Monitor,Partner,3,578.7,1736.1
ORD-00767,2024-08-12,North,Laptop,Online,3,236.25,708.75
ORD-00953,2024-08-12,North,Laptop,Online,5,400.9,2004.5
ORD-00269,2024-08-12,North,Phone,Retail,10,245.47,2454.7
ORD-00900,2024-08-13,East,Tablet,Online,8,527.13,4217.04
ORD-00601,2024-08-13,East,Headphones,Retail,5,580.56,2902.8
ORD-00987,2024-08-13,North,Phone,Online,5,504.84,2524.2
ORD-00702,2024-08-13,East,Monitor,Online,5,210.89,1054.45
ORD-01200,2024-08-15,East,Monitor,Online,2,664.48,1328.96
ORD-00675,2024-08-15,North,Laptop,Partner,4,437.14,1748.56
ORD-00343,2024-08-15,North,Keyboard,Online,5,526.36,2631.8
ORD-00825,2024-08-16,South,Phone,Online,3,719.23,2157.69
ORD-00240,2024-08-17,East,Keyboard,Online,6,362.74,2176.44
ORD-00599,2024-08-17,North,Keyboard,Partner,7,123.73,866.11
ORD-00996,2024-08-17,East,Laptop,Partner,7,266.02,1862.14
ORD-00245,2024-08-18,North,Keyboard,Online,8,523.28,4186.24
ORD-00192,2024-08-18,South,Phone,Partner,5,531.2,2656.0
ORD-00085,2024-08-18,East,Keyboard,Retail,2,319.04,638.08
ORD-00880,2024-08-18,South,Monitor,Online,10,792.1,7921.0
ORD-01171,2024-08-18,East,Phone,Retail,11,330.99,3640.89
ORD-01172,2024-08-18,West,Headphones,Online,9,117.74,1059.66
ORD-00658,2024-08-19,West,Laptop,Online,2,964.35,1928.7
ORD-01111,2024-08-19,West,Phone,Partner,1,546.74,546.74
ORD-01196,2024-08-19,North,Phone,Partner,10,521.52,5215.2
ORD-00040,2024-08-19,Central,Monitor,Retail,11,381.49,4196.39
ORD-00458,2024-08-20,North,Monitor,Online,11,317.87,3496.57
ORD-00673,2024-08-20,South,Keyboard,Retail,5,297.0,1485.0
ORD-00130,2024-08-20,East,Monitor,Retail,3,703.4,2110.2
ORD-00341,2024-08-20,North,Monitor,Online,8,468.24,3745.92
ORD-00475,2024-08-20,Central,Phone,Online,11,364.12,4005.32
ORD-00920,2024-08-20,North,Tablet,Online,9,262.2,2359.8
ORD-00958,2024-08-20,South,Keyboard,Online,2,594.32,1188.64
ORD-00743,2024-08-20,South,Tablet,Partner,7,612.43,4287.01
ORD-00099,2024-08-21,East,Phone,Retail,5,547.31,2736.55
ORD-01128,2024-08-21,Central,Keyboard,Online,5,164.44,822.2
ORD-00782,2024-08-21,North,Laptop,Online,11,387.22,4259.42
ORD-01068,2024-08-22,North,Laptop,Online,6,433.43,2600.58
ORD-00616,2024-08-22,East,Keyboard,Retail,10,477.86,4778.6
ORD-00600,2024-08-23,West,Phone,Online,3,498.3,1494.9
ORD-00569,2024-08-23,West,Monitor,Retail,4,550.48,2201.92
ORD-00026,2024-08-23,South,Headphones,Retail,7,274.1,1918.7
ORD-00984,2024-08-25,North,Headphones,Retail,9,317.89,2861.01
ORD-00244,2024-08-25,South,Phone,Partner,6,44.07,264.42
ORD-00824,2024-08-25,South,Tablet,Retail,2,508.12,1016.24
ORD-01130,2024-08-25,South,Monitor,Online,8,818.07,6544.56
ORD-00934,2024-08-25,West,Headphones,Online,4,311.19,1244.76
ORD-01089,2024-08-26,East,Laptop,Online,6,508.97,3053.82
ORD-00771,2024-08-26,North,Monitor,Partner,3,262.6,787.8
ORD-00502,2024-08-26,North,Keyboard,Partner,5,484.14,2420.7
ORD-00986,2024-08-26,Central,Monitor,Retail,10,815.47,8154.7
ORD-00652,2024-08-26,North,Tablet,Online,7,340.41,2382.87
ORD-00123,2024-08-27,North,Headphones,Online,11,521.5,5736.5
ORD-00003,2024-08-27,Central,Laptop,Retail,3,20.0,60.0
ORD-00842,2024-08-28,North,Tablet,Retail,3,790.09,2370.27
ORD-00730,2024-08-28,North,Keyboard,Partner,4,303.91,1215.64
ORD-00316,2024-08-29,Central,Laptop,Online,4,694.47,2777.88
ORD-00255,2024-08-29,North,Tablet,Online,7,369.38,2585.66
ORD-00237,2024-08-30,West,Phone,Online,9,83.05,747.45
ORD-00372,2024-08-30,North,Keyboard,Retail,11,542.27,5964.97
ORD-00446,2024-08-30,North,Laptop,Retail,6,302.57,1815.42
ORD-00156,2024-08-30,North,Phone,Retail,7,383.5,2684.5
ORD-00479,2024-08-30,East,Phone,Online,5,476.77,2383.85
ORD-00819,2024-08-31,Central,Headphones,Online,3,483.69,1451.07
ORD-00822,2024-08-31,South,Keyboard,Retail,3,652.06,1956.18
ORD-00162,2024-08-31,North,Monitor,Retail,9,364.03,3276.27
ORD-00311,2024-08-31,West,Phone,Partner,5,420.33,2101.65
ORD-00108,2024-08-31,West,Headphones,Partner,3,504.11,1512.33
ORD-01049,2024-09-01,Central,Phone,Online,5,458.39,2291.95
ORD-00859,2024-09-01,Central,Laptop,Retail,8,495.82,3966.56
ORD-00122,2024-09-01,South,Monitor,Retail,3,525.38,1576.14
ORD-01132,2024-09-02,North,Headphones,Online,3,407.04,1221.12
ORD-00736,2024-09-02,Central,Tablet,Retail,2,522.65,1045.3
ORD-00283,2024-09-02,Central,Monitor,Online,6,399.0,2394.0
ORD-00641,2024-09-02,Central,Tablet,Online,6,416.16,2496.96
ORD-00080,2024-09-02,South,Headphones,Partner,6,874.05,5244.3
ORD-00312,2024-09-03,Central,Keyboard,Online,4,293.97,1175.88
ORD-01071,2024-09-04,North,Laptop,Online,4,820.76,3283.04
ORD-00711,2024-09-05,South,Monitor,Online,1,481.47,481.47
ORD-00257,2024-09-05,West,Tablet,Online,7,513.44,3594.08
ORD-00049,2024-09-05,East,Keyboard,Retail,5,517.69,2588.45
ORD-00416,2024-09-05,North,Laptop,Retail,7,137.01,959.07
ORD-00098,2024-09-06,East,Tablet,Online,3,91.95,275.85
ORD-00550,2024-09-06,Central,Tablet,Partner,11,369.35,4062.85
ORD-00827,2024-09-06,North,Phone,Retail,7,573.05,4011.35
ORD-00060,2024-09-06,South,Tablet,Online,3,207.82,623.46
ORD-00191,2024-09-07,North,Laptop,Retail,11,463.46,5098.06
ORD-00636,2024-09-07,North,Laptop,Retail,6,441.4,2648.4
ORD-00813,2024-09-07,West,Tablet,Retail,1,138.77,138.77
ORD-00615,2024-09-08,North,Headphones,Online,6,501.73,3010.38
ORD-01062,2024-09-08,East,Monitor,Retail,9,324.25,2918.25
ORD-00788,2024-09-08,North,Laptop,Partner,4,185.9,743.6
ORD-00075,2024-09-08,East,Monitor,Online,1,72.02,72.02
ORD-00587,2024-09-09,South,Phone,Online,8,649.29,5194.32
ORD-00941,2024-09-09,West,Monitor,Online,9,67.12,604.08
ORD-01183,2024-09-09,North,Tablet,Online,5,279.92,1399.6
ORD-01149,2024-09-09,South,Keyboard,Online,8,757.72,6061.76
ORD-00422,2024-09-11,West,Laptop,Retail,7,236.28,1653.96
ORD-00184,2024-09-11,East,Headphones,Online,7,327.59,2293.13
ORD-00666,2024-09-11,West,Keyboard,Online,6,738.16,4428.96
ORD-00175,2024-09-12,North,Tablet,Online,5,381.91,1909.55
ORD-00875,2024-09-12,East,Keyboard,Retail,10,652.82,6528.2
ORD-00866,2024-09-12,East,Laptop,Online,8,511.13,4089.04
ORD-00008,2024-09-12,North,Headphones,Online,3,550.53,1651.59
ORD-00982,2024-09-13,North,Keyboard,Partner,2,684.85,1369.7
ORD-00932,2024-09-13,North,Laptop,Online,9,185.18,1666.62
ORD-00204,2024-09-13,East,Laptop,Retail,3,826.5,2479.5
ORD-00086,2024-09-13,North,Laptop,Online,9,831.9,7487.1
ORD-00043,2024-09-13,North,Keyboard,Online,3,466.98,1400.94
ORD-01194,2024-09-14,East,Phone,Online,2,442.42,884.84
ORD-00223,2024-09-14,North,Monitor,Online,3,638.11,1914.33
ORD-00110,2024-09-15,South,Keyboard,Retail,4,426.05,1704.2
ORD-01064,2024-09-15,North,Tablet,Online,7,252.1,1764.7
ORD-01041,2024-09-15,West,Keyboard,Online,8,147.27,1178.16
ORD-00892,2024-09-16,West,Phone,Retail,3,643.95,1931.85
ORD-00541,2024-09-16,South,Headphones,Partner,2,442.39,884.78
ORD-00906,2024-09-16,East,Tablet,Online,7,504.37,3530.59
ORD-01045,2024-09-16,North,Laptop,Partner,7,450.39,3152.73
ORD-01077,2024-09-17,West,Monitor,Retail,9,329.57,2966.13
ORD-01197,2024-09-18,East,Monitor,Partner,8,312.05,2496.4
ORD-00430,2024-09-18,South,Tablet,Retail,5,180.2,901.0
ORD-00177,2024-09-19,East,Monitor,Retail,7,703.52,4924.64
ORD-00212,2024-09-19,North,Tablet,Retail,2,440.53,881.06
ORD-00015,2024-09-19,North,Headphones,Online,3,322.85,968.55
ORD-00774,2024-09-19,West,Headphones,Partner,3,554.11,1662.33
ORD-00236,2024-09-20,East,Headphones,Online,9,405.02,3645.18
ORD-00395,2024-09-20,Central,Monitor,Retail,6,493.28,2959.68
ORD-00727,2024-09-20,South,Keyboard,Online,11,213.18,2344.98
ORD-00461,2024-09-21,Central,Laptop,Online,7,540.22,3781.54
ORD-00681,2024-09-21,South,Tablet,Online,4,462.23,1848.92
ORD-00793,2024-09-21,North,Laptop,Retail,8,560.64,4485.12
ORD-01119,2024-09-21,East,Tablet,Online,3,693.69,2081.07
ORD-00225,2024-09-21,West,Monitor,Retail,11,552.31,6075.41
ORD-00697,2024-09-21,North,Tablet,Online,10,454.55,4545.5
ORD-00174,2024-09-21,West,Laptop,Retail,4,406.89,1627.56
ORD-00676,2024-09-22,North,Headphones,Partner,8,455.68,3645.44
ORD-01137,2024-09-22,Central,Laptop,Online,5,602.8,3014.0
ORD-00731,2024-09-23,West,Phone,Online,4,159.39,637.56
ORD-00318,2024-09-23,North,Keyboard,Partner,11,587.76,6465.36
ORD-00713,2024-09-23,East,Tablet,Retail,3,788.56,2365.68
ORD-00317,2024-09-24,North,Laptop,Online,1,658.14,658.14
ORD-01033,2024-09-24,East,Phone,Partner,10,524.43,5244.3
ORD-00737,2024-09-24,North,Headphones,Retail,3,483.74,1451.22
ORD-00760,2024-09-24,North,Keyboard,Online,8,541.51,4332.08
ORD-01009,2024-09-25,South,Keyboard,Online,4,451.9,1807.6
ORD-00662,2024-09-25,South,Phone,Online,6,516.24,3097.44
ORD-00886,2024-09-25,North,Tablet,Retail,2,598.91,1197.82
ORD-00377,2024-09-26,South,Monitor,Retail,11,488.83,5377.13
ORD-00631,2024-09-26,North,Laptop,Retail,2,380.1,760.2
ORD-00757,2024-09-26,East,Keyboard,Online,8,162.73,1301.84
ORD-00557,2024-09-26,North,Headphones,Online,2,157.9,315.8
ORD-01002,2024-09-26,North,Keyboard,Retail,4,303.02,1212.08
ORD-00215,2024-09-26,North,Tablet,Online,3,279.42,838.26
ORD-00013,2024-09-26,Central,Monitor,Online,6,652.85,3917.1
ORD-00471,2024-09-27,Central,Laptop,Retail,1,638.01,638.01
ORD-00805,2024-09-27,North,Phone,Partner,11,357.66,3934.26
ORD-00739,2024-09-27,Central,Headphones,Retail,1,173.5,173.5
ORD-00432,2024-09-27,West,Monitor,Online,5,515.94,2579.7
ORD-00603,2024-09-27,West,Tablet,Online,9,525.99,4733.91
ORD-01036,2024-09-28,South,Headphones,Retail,10,534.4,5344.0
ORD-00059,2024-09-29,East,Tablet,Online,2,545.99,1091.98
ORD-00878,2024-09-29,Central,Tablet,Online,5,485.25,2426.25
ORD-00062,2024-09-29,Central,Tablet,Retail,2,504.75,1009.5
ORD-01139,2024-09-29,East,Tablet,Online,8,591.95,4735.6
ORD-00391,2024-09-30,East,Headphones,Retail,2,508.22,1016.44
ORD-00378,2024-09-30,South,Keyboard,Online,4,442.45,1769.8
ORD-00360,2024-09-30,East,Phone,Online,11,338.94,3728.34
ORD-00512,2024-09-30,South,Tablet,Online,3,748.6,2245.8
ORD-00895,2024-10-01,South,Phone,Online,4,458.95,1835.8
ORD-00463,2024-10-01,North,Monitor,Online,5,20.0,100.0
ORD-00493,2024-10-02,North,Tablet,Retail,5,385.26,1926.3
ORD-01065,2024-10-02,Central,Phone,Retail,1,632.94,632.94
ORD-01098,2024-10-03,West,Laptop,Retail,5,363.9,1819.5
ORD-01073,2024-10-03,West,Phone,Retail,2,830.81,1661.62
ORD-00234,2024-10-04,East,Monitor,Retail,9,365.23,3287.07
ORD-00247,2024-10-04,South,Headphones,Retail,2,414.07,828.14
ORD-00042,2024-10-04,West,Keyboard,Online,7,118.61,830.27
ORD-00014,2024-10-05,Central,Laptop,Online,2,625.44,45166.57
ORD-00051,2024-10-05,South,Laptop,Retail,4,326.66,1306.64
ORD-00207,2024-10-06,East,Laptop,Retail,11,508.73,5596.03
ORD-00714,2024-10-06,North,Laptop,Retail,11,423.49,4658.39
ORD-00742,2024-10-06,West,Tablet,Online,11,606.27,6668.97
ORD-01134,2024-10-06,North,Phone,Online,1,510.45,510.45
ORD-00128,2024-10-06,North,Monitor,Partner,8,576.84,4614.72
ORD-00423,2024-10-07,Central,Monitor,Online,10,407.49,4074.9
ORD-00489,2024-10-07,South,Keyboard,Online,1,493.21,493.21
ORD-00657,2024-10-07,West,Phone,Retail,2,482.25,964.5
ORD-00089,2024-10-08,West,Keyboard,Online,5,553.73,2768.65
ORD-00320,2024-10-08,East,Monitor,Retail,2,324.78,649.56
ORD-00645,2024-10-08,South,Tablet,Retail,2,260.88,521.76
ORD-01148,2024-10-08,East,Phone,Partner,4,706.74,2826.96
ORD-00911,2024-10-08,North,Phone,Partner,4,513.28,2053.12
ORD-00864,2024-10-09,North,Monitor,Online,4,250.34,1001.36
ORD-00370,2024-10-09,North,Monitor,Partner,6,609.63,3657.78
ORD-00173,2024-10-09,East,Monitor,Retail,7,587.91,4115.37
ORD-01058,2024-10-09,West,Monitor,Partner,9,183.56,1652.04
ORD-01061,2024-10-09,North,Headphones,Online,8,287.07,2296.56
ORD-00002,2024-10-10,West,Monitor,Retail,4,589.64,2358.56
ORD-00734,2024-10-10,Central,Keyboard,Online,6,266.76,1600.56
ORD-00402,2024-10-11,South,Keyboard,Online,1,738.28,738.28
ORD-00836,2024-10-11,Central,Keyboard,Online,5,278.36,1391.8
ORD-00050,2024-10-11,North,Headphones,Retail,8,299.01,2392.08
ORD-00815,2024-10-11,North,Tablet,Online,9,500.62,4505.58
ORD-00107,2024-10-12,West,Laptop,Partner,6,456.15,2736.9
ORD-00602,2024-10-12,East,Headphones,Retail,2,553.56,1107.12
ORD-00598,2024-10-12,East,Laptop,Online,2,361.83,723.66
ORD-00112,2024-10-12,East,Keyboard,Online,1,698.37,698.37
ORD-00766,2024-10-12,East,Keyboard,Retail,7,467.23,3270.61
ORD-00210,2024-10-12,Central,Monitor,Online,1,494.27,494.27
ORD-00806,2024-10-12,North,Keyboard,Online,10,432.93,4329.3
ORD-00613,2024-10-13,East,Tablet,Retail,2,606.34,1212.68
ORD-00278,2024-10-13,North,Phone,Retail,9,506.26,4556.34
ORD-00160,2024-10-13,South,Monitor,Online,1,606.2,606.2
ORD-00690,2024-10-13,East,Phone,Partner,2,432.68,865.36
ORD-00025,2024-10-13,Central,Headphones,Partner,6,411.51,2469.06
ORD-00918,2024-10-13,Central,Laptop,Online,5,646.84,3234.2
ORD-00016,2024-10-14,West,Tablet,Online,3,317.96,953.88
ORD-00725,2024-10-14,North,Keyboard,Online,2,681.09,1362.18
ORD-00955,2024-10-14,North,Headphones,Online,5,463.12,2315.6
ORD-00476,2024-10-14,North,Laptop,Online,1,586.97,586.97
ORD-00990,2024-10-15,North,Phone,Online,3,449.79,1349.37
ORD-00249,2024-10-15,North,Headphones,Retail,8,466.01,3728.08
ORD-00213,2024-10-15,Central,Headphones,Online,8,560.35,4482.8
ORD-00106,2024-10-15,East,Monitor,Online,4,388.16,1552.64
ORD-00639,2024-10-17,North,Headphones,Online,9,431.14,3880.26
ORD-00261,2024-10-17,West,Monitor,Retail,6,56.45,338.7
ORD-00559,2024-10-17,South,Phone,Online,9,552.05,4968.45
ORD-01133,2024-10-17,West,Headphones,Online,8,291.14,2329.12
ORD-00135,2024-10-17,North,Phone,Partner,4,435.83,1743.32
ORD-00105,2024-10-18,North,Keyboard,Online,11,651.98,7171.78
ORD-00071,2024-10-18,North,Laptop,Online,4,257.24,1028.96
ORD-00484,2024-10-18,West,Headphones,Online,8,720.29,5762.32
ORD-00745,2024-10-18,Central,Tablet,Retail,11,317.24,3489.64
ORD-00692,2024-10-18,East,Keyboard,Partner,10,291.47,2914.7
ORD-01012,2024-10-19,West,Phone,Online,2,555.39,1110.78
ORD-00716,2024-10-19,East,Phone,Retail,11,201.94,2221.34
ORD-00596,2024-10-20,North,Tablet,Online,5,451.44,2257.2
ORD-00852,2024-10-20,East,Phone,Retail,11,821.7,9038.7
ORD-00686,2024-10-20,Central,Headphones,Online,3,554.27,1662.81
ORD-00551,2024-10-20,North,Phone,Online,8,476.19,3809.52
ORD-01087,2024-10-20,East,Keyboard,Retail,1,469.17,469.17
ORD-00591,2024-10-20,South,Tablet,Retail,11,428.21,4710.31
ORD-01199,2024-10-20,East,Tablet,Partner,10,627.89,6278.9
ORD-00860,2024-10-20,South,Monitor,Online,10,362.14,3621.4
ORD-00472,2024-10-21,East,Headphones,Online,5,515.27,2576.35
ORD-00428,2024-10-21,South,Tablet,Online,1,502.22,72475.04
ORD-00092,2024-10-21,Central,Monitor,Online,9,298.24,2684.16
ORD-00103,2024-10-21,North,Phone,Partner,11,451.59,4967.49
ORD-00654,2024-10-21,East,Tablet,Retail,6,603.79,3622.74
ORD-00837,2024-10-22,North,Monitor,Partner,11,516.71,5683.81
ORD-00227,2024-10-22,East,Tablet,Retail,7,780.64,5464.48
ORD-00291,2024-10-22,North,Monitor,Partner,2,240.86,481.72
ORD-00336,2024-10-22,North,Keyboard,Online,4,276.75,1107.0
ORD-01001,2024-10-22,Central,Keyboard,Online,5,456.58,2282.9
ORD-00166,2024-10-24,North,Tablet,Online,5,416.86,2084.3
ORD-00885,2024-10-24,East,Tablet,Online,8,360.98,2887.84
ORD-00514,2024-10-25,Central,Keyboard,Retail,9,269.51,2425.59
ORD-00741,2024-10-26,North,Laptop,Online,7,442.22,3095.54
ORD-00867,2024-10-27,South,Headphones,Online,3,417.94,1253.82
ORD-00149,2024-10-27,West,Keyboard,Online,11,536.83,5905.13
ORD-01025,2024-10-27,South,Tablet,Online,10,497.42,4974.2
ORD-00849,2024-10-27,East,Monitor,Partner,9,436.06,3924.54
ORD-00524,2024-10-28,North,Phone,Retail,1,591.68,591.68
ORD-00028,2024-10-28,North,Phone,Retail,10,312.03,3120.3
ORD-00038,2024-10-29,West,Tablet,Retail,4,1071.73,4286.92
ORD-00302,2024-10-29,North,Keyboard,Online,1,678.61,678.61
ORD-00433,2024-10-29,East,Phone,Online,11,285.38,3139.18
ORD-01040,2024-10-29,West,Keyboard,Retail,6,644.22,3865.32
ORD-00794,2024-10-29,North,Laptop,Retail,2,675.93,1351.86
ORD-00605,2024-10-29,North,Phone,Online,9,304.79,2743.11
ORD-00334,2024-10-30,West,Headphones,Online,6,597.25,3583.5
ORD-00553,2024-10-30,North,Keyboard,Online,3,293.83,881.49
ORD-00482,2024-10-30,Central,Phone,Online,8,534.17,4273.36
ORD-00388,2024-10-31,North,Laptop,Online,2,287.37,574.74
ORD-00545,2024-10-31,South,Laptop,Online,2,480.6,961.2
ORD-00101,2024-10-31,North,Laptop,Online,9,700.12,6301.08
ORD-00084,2024-10-31,South,Monitor,Online,1,383.83,383.83
ORD-00090,2024-10-31,East,Phone,Retail,1,269.4,269.4
ORD-00611,2024-11-01,West,Laptop,Online,6,344.97,2069.82
ORD-00582,2024-11-01,North,Tablet,Online,2,322.39,644.78
ORD-01097,2024-11-01,North,Laptop,Retail,9,495.42,4458.78
ORD-01080,2024-11-02,East,Laptop,Retail,9,989.32,8903.88
ORD-01016,2024-11-02,North,Tablet,Online,9,567.72,5109.48
ORD-00868,2024-11-02,North,Keyboard,Retail,7,195.57,1368.99
ORD-00816,2024-11-02,West,Tablet,Retail,2,625.1,1250.2
ORD-00589,2024-11-02,North,Laptop,Online,10,497.76,4977.6
ORD-00459,2024-11-03,East,Phone,Retail,7,507.33,3551.31
ORD-00963,2024-11-03,Central,Laptop,Retail,4,68.56,274.24
ORD-01086,2024-11-03,North,Headphones,Retail,1,261.93,261.93
ORD-01125,2024-11-03,South,Phone,Online,6,516.09,3096.54
ORD-00019,2024-11-03,North,Tablet,Online,3,270.0,810.0
ORD-00513,2024-11-03,East,Laptop,Online,5,20.0,100.0
ORD-01126,2024-11-04,North,Tablet,Online,10,393.89,3938.9
ORD-01024,2024-11-04,North,Laptop,Online,10,697.17,6971.7
ORD-01093,2024-11-04,North,Keyboard,Partner,1,462.83,462.83
ORD-00590,2024-11-04,East,Keyboard,Retail,11,316.24,3478.64
ORD-00093,2024-11-04,North,Phone,Online,4,500.99,2003.96
ORD-00775,2024-11-05,Central,Phone,Retail,2,544.14,1088.28
ORD-00723,2024-11-05,North,Tablet,Online,6,368.53,2211.18
ORD-00865,2024-11-05,East,Tablet,Online,9,390.14,3511.26
ORD-00361,2024-11-05,East,Keyboard,Retail,8,627.51,5020.08
ORD-01144,2024-11-05,Central,Phone,Online,8,639.82,5118.56
ORD-00477,2024-11-05,East,Keyboard,Online,9,386.44,3477.96
ORD-00856,2024-11-06,North,Laptop,Retail,8,287.26,2298.08
ORD-01163,2024-11-06,North,Laptop,Partner,9,178.72,1608.48
ORD-00650,2024-11-06,Central,Tablet,Online,3,192.69,578.07
ORD-01007,2024-11-07,Central,Phone,Online,6,416.16,2496.96
ORD-00297,2024-11-07,North,Monitor,Retail,9,441.27,3971.43
ORD-00780,2024-11-07,South,Keyboard,Online,11,399.89,4398.79
ORD-01158,2024-11-07,Central,Laptop,Partner,8,612.61,4900.88
ORD-00882,2024-11-07,North,Phone,Online,5,525.51,2627.55
ORD-00560,2024-11-07,West,Laptop,Partner,5,324.96,1624.8
ORD-01150,2024-11-07,South,Tablet,Partner,9,716.1,6444.9
ORD-00643,2024-11-08,South,Headphones,Retail,10,585.58,5855.8
ORD-01127,2024-11-08,North,Laptop,Online,4,606.22,2424.88
ORD-00835,2024-11-08,North,Monitor,Online,9,575.94,5183.46
ORD-00146,2024-11-08,South,Keyboard,Online,4,713.82,2855.28
ORD-00125,2024-11-08,North,Laptop,Partner,6,329.69,1978.14
ORD-00151,2024-11-09,North,Monitor,Online,9,307.7,2769.3
ORD-01042,2024-11-09,North,Laptop,Online,11,470.28,5173.08
ORD-00610,2024-11-09,South,Monitor,Retail,5,291.08,1455.4
ORD-00232,2024-11-09,East,Phone,Online,10,296.1,2961.0
ORD-00006,2024-11-10,West,Laptop,Online,6,455.37,2732.22
ORD-00037,2024-11-10,East,Monitor,Retail,10,423.7,4237.0
ORD-00668,2024-11-11,Central,Keyboard,Online,1,20.0,20.0
ORD-00427,2024-11-12,Central,Phone,Online,3,613.55,1840.65
ORD-00829,2024-11-12,West,Headphones,Retail,5,761.66,3808.3
ORD-00492,2024-11-13,East,Laptop,Partner,6,606.37,3638.22
ORD-00504,2024-11-13,West,Laptop,Partner,4,683.47,2733.88
ORD-01023,2024-11-13,West,Headphones,Retail,7,536.37,3754.59
ORD-00921,2024-11-15,North,Keyboard,Online,6,373.27,2239.62
ORD-00558,2024-11-16,North,Phone,Online,1,385.45,385.45
ORD-00396,2024-11-16,South,Tablet,Retail,9,359.96,3239.64
ORD-00781,2024-11-17,South,Keyboard,Partner,10,529.44,5294.4
ORD-00812,2024-11-17,Central,Monitor,Retail,3,468.42,1405.26
ORD-01141,2024-11-18,North,Phone,Partner,10,639.89,6398.9
ORD-00517,2024-11-18,North,Laptop,Online,8,250.92,2007.36
ORD-00904,2024-11-19,South,Headphones,Partner,8,526.44,4211.52
ORD-00035,2024-11-20,North,Keyboard,Retail,4,268.35,1073.4
ORD-01004,2024-11-20,West,Headphones,Partner,8,381.62,3052.96
ORD-00375,2024-11-20,North,Laptop,Retail,6,586.47,3518.82
ORD-00565,2024-11-21,North,Headphones,Online,6,783.52,4701.12
ORD-00389,2024-11-22,North,Tablet,Partner,2,317.65,635.3
ORD-00362,2024-11-22,South,Keyboard,Partner,1,546.93,546.93
ORD-00048,2024-11-22,East,Monitor,Online,10,711.81,7118.1
ORD-00358,2024-11-22,East,Headphones,Retail,9,440.39,3963.51
ORD-00579,2024-11-23,North,Tablet,Retail,5,337.82,1689.1
ORD-00304,2024-11-23,South,Laptop,Retail,6,494.06,2964.36
ORD-00364,2024-11-23,North,Tablet,Online,10,393.31,3933.1
ORD-00095,2024-11-24,Central,Tablet,Partner,3,82.65,247.95
ORD-00740,2024-11-24,South,Monitor,Online,2,244.95,489.9
ORD-00828,2024-11-24,North,Tablet,Online,1,285.96,285.96
ORD-00179,2024-11-25,West,Keyboard,Online,4,593.61,2374.44
ORD-01037,2024-11-26,South,Headphones,Online,11,417.23,4589.53
ORD-00220,2024-11-26,North,Keyboard,Partner,9,470.96,4238.64
ORD-00592,2024-11-26,South,Tablet,Retail,7,514.98,3604.86
ORD-00067,2024-11-27,West,Monitor,Retail,9,641.07,5769.63
ORD-01108,2024-11-27,South,Monitor,Retail,6,583.24,3499.44
ORD-00345,2024-11-27,South,Laptop,Online,5,702.07,3510.35
ORD-01154,2024-11-28,West,Keyboard,Online,7,226.55,1585.85
ORD-00202,2024-11-28,North,Monitor,Retail,10,450.05,4500.5
ORD-00843,2024-11-28,North,Headphones,Partner,11,699.31,7692.41
ORD-00840,2024-11-29,Central,Phone,Online,8,313.76,2510.08
ORD-00529,2024-11-30,East,Monitor,Online,3,288.64,865.92
ORD-00943,2024-11-30,South,Keyboard,Online,5,612.68,3063.4
ORD-00324,2024-12-01,East,Tablet,Online,4,199.71,798.84
ORD-00153,2024-12-01,North,Keyboard,Retail,5,137.26,686.3
ORD-01170,2024-12-01,West,Laptop,Online,11,556.26,6118.86
ORD-00642,2024-12-01,North,Phone,Partner,3,495.44,1486.32
ORD-00715,2024-12-02,North,Headphones,Online,2,554.51,1109.02
ORD-00804,2024-12-02,North,Keyboard,Retail,4,276.83,1107.32
ORD-01081,2024-12-02,West,Phone,Online,7,256.1,1792.7
ORD-00969,2024-12-02,South,Phone,Online,6,794.48,4766.88
ORD-00669,2024-12-02,South,Laptop,Retail,7,388.71,2720.97
ORD-01103,2024-12-02,South,Monitor,Online,6,185.46,1112.76
ORD-00530,2024-12-03,Central,Tablet,Retail,11,238.0,2618.0
ORD-00527,2024-12-03,East,Laptop,Retail,1,133.22,133.22
ORD-00733,2024-12-03,East,Keyboard,Online,5,87.35,436.75
ORD-01006,2024-12-03,North,Tablet,Retail,7,559.58,3917.06
ORD-00061,2024-12-03,North,Monitor,Partner,3,409.4,1228.2
ORD-01067,2024-12-04,West,Phone,Retail,2,580.75,1161.5
ORD-00586,2024-12-04,West,Monitor,Online,6,343.27,2059.62
ORD-00577,2024-12-04,South,Phone,Retail,10,740.54,7405.4
ORD-00264,2024-12-04,East,Monitor,Online,10,417.75,4177.5
ORD-00452,2024-12-04,North,Tablet,Online,6,742.25,4453.5
ORD-00438,2024-12-05,South,Monitor,Online,8,499.02,3992.16
ORD-00862,2024-12-05,East,Tablet,Retail,6,472.65,2835.9
ORD-00421,2024-12-05,Central,Laptop,Online,11,637.07,7007.77
ORD-01182,2024-12-05,West,Monitor,Retail,1,518.28,518.28
ORD-00499,2024-12-05,Central,Headphones,Retail,1,440.27,440.27
ORD-00024,2024-12-05,South,Tablet,Online,4,395.22,1580.88
ORD-01143,2024-12-06,North,Tablet,Partner,3,1033.43,3100.29
ORD-00722,2024-12-06,South,Tablet,Online,4,332.92,1331.68
ORD-00693,2024-12-06,East,Tablet,Partner,4,513.04,2052.16
ORD-00470,2024-12-07,South,Laptop,Online,4,528.78,2115.12
ORD-00491,2024-12-07,North,Headphones,Online,10,586.28,5862.8
ORD-00409,2024-12-07,West,Phone,Online,4,679.0,2716.0
ORD-00764,2024-12-08,North,Keyboard,Retail,5,390.13,1950.65
ORD-00382,2024-12-08,West,Laptop,Online,3,334.62,1003.86
ORD-00348,2024-12-08,Central,Tablet,Online,9,405.56,3650.04
ORD-00754,2024-12-08,North,Tablet,Online,1,334.13,334.13
ORD-00680,2024-12-08,East,Keyboard,Online,2,506.37,1012.74
ORD-00181,2024-12-09,North,Laptop,Online,8,376.14,3009.12
ORD-00319,2024-12-09,North,Laptop,Online,3,194.09,582.27
ORD-00286,2024-12-09,South,Tablet,Retail,10,737.47,7374.7
ORD-00081,2024-12-10,North,Headphones,Online,8,444.79,3558.32
ORD-00936,2024-12-10,South,Monitor,Online,8,247.65,1981.2
ORD-01109,2024-12-10,Central,Headphones,Retail,8,351.1,2808.8
ORD-00694,2024-12-12,North,Laptop,Partner,3,602.31,1806.93
ORD-00383,2024-12-12,West,Headphones,Retail,8,754.88,6039.04
ORD-00949,2024-12-12,North,Monitor,Retail,2,647.13,1294.26
ORD-00926,2024-12-12,North,Tablet,Retail,2,110.47,220.94
ORD-00763,2024-12-13,East,Tablet,Online,7,288.1,2016.7
ORD-00571,2024-12-13,South,Tablet,Online,3,499.59,1498.77
ORD-00965,2024-12-13,West,Keyboard,Online,4,328.14,1312.56
ORD-00640,2024-12-13,North,Phone,Retail,5,435.89,2179.45
ORD-00340,2024-12-14,North,Monitor,Retail,7,266.35,1864.45
ORD-00776,2024-12-14,North,Monitor,Online,6,252.19,1513.14
ORD-00671,2024-12-14,Central,Headphones,Online,1,407.34,407.34
ORD-00448,2024-12-15,West,Phone,Online,1,328.04,328.04
ORD-00293,2024-12-15,North,Tablet,Partner,3,461.88,1385.64
ORD-01054,2024-12-16,North,Phone,Online,6,539.09,3234.54
ORD-01083,2024-12-16,West,Headphones,Retail,1,560.97,560.97
ORD-00274,2024-12-16,South,Tablet,Online,3,426.18,1278.54
ORD-00684,2024-12-16,East,Tablet,Retail,3,452.14,1356.42
ORD-00195,2024-12-17,North,Keyboard,Online,7,751.96,5263.72
ORD-00649,2024-12-17,Central,Keyboard,Partner,1,540.95,540.95
ORD-00515,2024-12-17,Central,Phone,Online,2,941.63,1883.26
ORD-00451,2024-12-17,East,Phone,Online,5,770.59,3852.95
ORD-00751,2024-12-17,West,Monitor,Online,7,407.76,2854.32
ORD-00683,2024-12-17,South,Phone,Retail,11,212.57,2338.27
ORD-00200,2024-12-18,West,Laptop,Partner,5,342.95,1714.75
ORD-00999,2024-12-18,West,Keyboard,Retail,6,637.62,3825.72
ORD-00503,2024-12-18,West,Phone,Online,6,259.58,1557.48
ORD-00337,2024-12-18,Central,Monitor,Online,3,509.97,1529.91
ORD-00853,2024-12-18,Central,Tablet,Online,5,464.41,2322.05
ORD-00466,2024-12-19,Central,Tablet,Online,5,530.27,2651.35
ORD-00609,2024-12-19,North,Phone,Online,2,649.7,1299.4
ORD-00064,2024-12-20,North,Keyboard,Retail,11,265.63,2921.93
ORD-00797,2024-12-20,East,Phone,Retail,8,75.2,601.6
ORD-00208,2024-12-20,North,Laptop,Online,8,456.82,3654.56
ORD-00417,2024-12-20,East,Phone,Online,7,259.88,1819.16
ORD-00355,2024-12-20,Central,Monitor,Partner,7,346.36,2424.52
ORD-00861,2024-12-20,West,Laptop,Online,5,333.07,1665.35
ORD-00404,2024-12-21,North,Tablet,Retail,3,268.55,805.65
ORD-00959,2024-12-21,East,Headphones,Retail,11,274.25,3016.75
ORD-00046,2024-12-21,Central,Monitor,Retail,5,138.01,690.05
ORD-00441,2024-12-22,North,Phone,Retail,7,551.65,3861.55
ORD-00325,2024-12-22,North,Monitor,Online,5,416.03,2080.15
ORD-00947,2024-12-22,North,Monitor,Retail,11,525.46,5780.06
ORD-00012,2024-12-23,East,Headphones,Partner,1,340.42,340.42
ORD-00594,2024-12-24,Central,Laptop,Online,4,433.1,1732.4
ORD-00894,2024-12-24,West,Phone,Online,3,590.52,1771.56
ORD-00851,2024-12-24,West,Keyboard,Partner,3,652.16,1956.48
ORD-00914,2024-12-24,West,Keyboard,Retail,4,358.12,1432.48
ORD-01198,2024-12-25,North,Laptop,Partner,2,304.29,608.58
ORD-00141,2024-12-25,North,Phone,Online,10,489.98,4899.8
ORD-00555,2024-12-26,East,Phone,Online,2,338.22,676.44
ORD-00772,2024-12-27,Central,Phone,Retail,1,370.02,370.02
ORD-01088,2024-12-28,East,Phone,Retail,5,542.05,2710.25
ORD-00265,2024-12-28,North,Monitor,Online,5,425.3,2126.5
ORD-00347,2024-12-28,West,Laptop,Online,8,311.64,2493.12
ORD-01082,2024-12-28,West,Phone,Retail,5,491.21,2456.05
ORD-00356,2024-12-29,Central,Keyboard,Retail,1,488.18,488.18
ORD-00145,2024-12-29,East,Phone,Online,9,337.08,3033.72
ORD-01056,2024-12-30,South,Phone,Retail,6,68.9,413.4
ORD-01117,2024-12-30,North,Keyboard,Retail,8,616.62,4932.96
ORD-00691,2024-12-30,South,Laptop,Partner,3,655.43,1966.29
ORD-00511,2024-12-30,North,Laptop,Retail,3,350.85,1052.55
ORD-00161,2024-12-30,West,Phone,Retail,1,329.19,329.19
ORD-00810,2024-12-30,West,Phone,Online,6,254.1,1524.6
ORD-00820,2024-12-31,Central,Laptop,Online,7,213.29,1493.03
ORD-01169,2024-12-31,North,Laptop,Retail,6,338.52,2031.12
ORD-00401,2024-12-31,North,Phone,Partner,2,323.81,647.62
